entity_id,entity_name,cdk_path,legacy_name,datatype,unit,load_column,target_table,sap_analogue_entity,sap_field,confidence,source_url
dealer-rooftop-partition,Dealer Rooftop Partition,header.subscriptionId,,string,,subscription_id,cdk_dealer_rooftop_partition,Company Code (Buchungskreis) / Client (Mandant),Client (Mandant) MANDT,DOCUMENTED,https://fortellis-api-documents-prod.s3-us-west-2.amazonaws.com/f83a79c6-8cf9-4c1a-b45e-b266634eaf90/external/20251119155158640--ZuFlj8i.pdf
dealer-rooftop-partition,Dealer Rooftop Partition,header.departmentId,,string,,department_id,cdk_dealer_rooftop_partition,Company Code (Buchungskreis) / Client (Mandant),Cost center (analogue),DOCUMENTED,https://fortellis-api-documents-prod.s3-us-west-2.amazonaws.com/cf3e1079-e617-4e4d-acd0-21e991f60408/external/20251117202238328-ze9Edh5W.pdf
dealer-rooftop-partition,Dealer Rooftop Partition,header.requestId,,string,,request_id,cdk_dealer_rooftop_partition,Company Code (Buchungskreis) / Client (Mandant),,DOCUMENTED,https://fortellis-api-documents-prod.s3-us-west-2.amazonaws.com/f83a79c6-8cf9-4c1a-b45e-b266634eaf90/external/20251119155158640--ZuFlj8i.pdf
dealer-rooftop-partition,Dealer Rooftop Partition,companyNumber,CO-NO,string,,company_number,cdk_dealer_rooftop_partition,Company Code (Buchungskreis) / Client (Mandant),Company code BUKRS,UNVERIFIED,
dealer-rooftop-partition,Dealer Rooftop Partition,cmfClientNumber,CMF / Client #,string,,cmf_client_number,cdk_dealer_rooftop_partition,Company Code (Buchungskreis) / Client (Mandant),Client (Mandant) MANDT,UNVERIFIED,
dealer-rooftop-partition,Dealer Rooftop Partition,dmsType,,enum,,dms_type,cdk_dealer_rooftop_partition,Company Code (Buchungskreis) / Client (Mandant),Module/component (analogue),DOCUMENTED,https://fortellis-api-documents-prod.s3-us-west-2.amazonaws.com/f83a79c6-8cf9-4c1a-b45e-b266634eaf90/external/20251119155158640--ZuFlj8i.pdf
dealer-rooftop-partition,Dealer Rooftop Partition,rooftopName,,string,,rooftop_name,cdk_dealer_rooftop_partition,Company Code (Buchungskreis) / Client (Mandant),General text — dealer master (analogue),INFERRED,
dealer-rooftop-partition,Dealer Rooftop Partition,rooftopAddress,,string,,rooftop_address,cdk_dealer_rooftop_partition,Company Code (Buchungskreis) / Client (Mandant),Address (analogue),INFERRED,
cost-centre-department,Cost Centre / Department,departmentCode,,string,,department_code,cdk_cost_centre_department,Cost Center (Kostenstelle) / Profit Center,Cost center / profit center (KOSTL),DOCUMENTED,http://gm.acctmanual.com/misc/gm_acct_manual%20v2-2-1-1.pdf
cost-centre-department,Cost Centre / Department,departmentId,,string,,department_id,cdk_cost_centre_department,Cost Center (Kostenstelle) / Profit Center,Cost center (KOSTL analogue),DOCUMENTED,https://fortellis-api-documents-prod.s3-us-west-2.amazonaws.com/cf3e1079-e617-4e4d-acd0-21e991f60408/external/20251117202238328-ze9Edh5W.pdf
cost-centre-department,Cost Centre / Department,dmsType,,enum,,dms_type,cdk_cost_centre_department,Cost Center (Kostenstelle) / Profit Center,,DOCUMENTED,https://fortellis-api-documents-prod.s3-us-west-2.amazonaws.com/f83a79c6-8cf9-4c1a-b45e-b266634eaf90/external/20251119155158640--ZuFlj8i.pdf
cost-centre-department,Cost Centre / Department,departmentName,,string,,department_name,cdk_cost_centre_department,Cost Center (Kostenstelle) / Profit Center,Cost center description (KTEXT),INFERRED,
cost-centre-department,Cost Centre / Department,scheduleIndex,,enum,,schedule_index,cdk_cost_centre_department,Cost Center (Kostenstelle) / Profit Center,Reconciliation account subledger type (analogue),UNVERIFIED,
cost-centre-department,Cost Centre / Department,absorptionRateFlag,,boolean,,absorption_rate_is_report_only,cdk_cost_centre_department,Cost Center (Kostenstelle) / Profit Center,,INFERRED,
cost-centre-department,Cost Centre / Department,costCenterType,,enum,,cost_center_type,cdk_cost_centre_department,Cost Center (Kostenstelle) / Profit Center,,INFERRED,
customer-master,Customer Master,data[].customerId,,string,,customer_id,cdk_customer_master,KNA1 (General Customer Master) / KNB1 (Company Code Data),KNA1-KUNNR,DOCUMENTED,https://fortellis-api-documents-prod.s3-us-west-2.amazonaws.com/f83a79c6-8cf9-4c1a-b45e-b266634eaf90/external/20251119155158640--ZuFlj8i.pdf
customer-master,Customer Master,data[].hostItemId,,string,,host_item_id,cdk_customer_master,KNA1 (General Customer Master) / KNB1 (Company Code Data),KNA1-KUNNR (alt key),DOCUMENTED,https://fortellis-api-documents-prod.s3-us-west-2.amazonaws.com/f83a79c6-8cf9-4c1a-b45e-b266634eaf90/external/20251119155158640--ZuFlj8i.pdf
customer-master,Customer Master,data[].customerName.firstName,,string,,first_name,cdk_customer_master,KNA1 (General Customer Master) / KNB1 (Company Code Data),KNA1-NAME2,DOCUMENTED,https://fortellis-api-documents-prod.s3-us-west-2.amazonaws.com/f83a79c6-8cf9-4c1a-b45e-b266634eaf90/external/20251119155158640--ZuFlj8i.pdf
customer-master,Customer Master,data[].customerName.middleName,,string,,middle_name,cdk_customer_master,KNA1 (General Customer Master) / KNB1 (Company Code Data),,DOCUMENTED,https://fortellis-api-documents-prod.s3-us-west-2.amazonaws.com/f83a79c6-8cf9-4c1a-b45e-b266634eaf90/external/20251119155158640--ZuFlj8i.pdf
customer-master,Customer Master,data[].customerName.lastName,,string,,last_name,cdk_customer_master,KNA1 (General Customer Master) / KNB1 (Company Code Data),KNA1-NAME1,DOCUMENTED,https://fortellis-api-documents-prod.s3-us-west-2.amazonaws.com/f83a79c6-8cf9-4c1a-b45e-b266634eaf90/external/20251119155158640--ZuFlj8i.pdf
customer-master,Customer Master,data[].customerName.fullName,,string,,full_name,cdk_customer_master,KNA1 (General Customer Master) / KNB1 (Company Code Data),,DOCUMENTED,https://fortellis-api-documents-prod.s3-us-west-2.amazonaws.com/f83a79c6-8cf9-4c1a-b45e-b266634eaf90/external/20251119155158640--ZuFlj8i.pdf
customer-master,Customer Master,data[].customerName.companyName,,string,,company_name,cdk_customer_master,KNA1 (General Customer Master) / KNB1 (Company Code Data),KNA1-NAME1 (org),DOCUMENTED,https://fortellis-api-documents-prod.s3-us-west-2.amazonaws.com/f83a79c6-8cf9-4c1a-b45e-b266634eaf90/external/20251119155158640--ZuFlj8i.pdf
customer-master,Customer Master,data[].customerName.suffix,,string,,name_suffix,cdk_customer_master,KNA1 (General Customer Master) / KNB1 (Company Code Data),,DOCUMENTED,https://fortellis-api-documents-prod.s3-us-west-2.amazonaws.com/f83a79c6-8cf9-4c1a-b45e-b266634eaf90/external/20251119155158640--ZuFlj8i.pdf
customer-master,Customer Master,data[].customerName.title,,string,,title,cdk_customer_master,KNA1 (General Customer Master) / KNB1 (Company Code Data),,DOCUMENTED,https://fortellis-api-documents-prod.s3-us-west-2.amazonaws.com/f83a79c6-8cf9-4c1a-b45e-b266634eaf90/external/20251119155158640--ZuFlj8i.pdf
customer-master,Customer Master,data[].secondaryCustomerName.firstName,,string,,secondary_first_name,cdk_customer_master,KNA1 (General Customer Master) / KNB1 (Company Code Data),,DOCUMENTED,https://fortellis-api-documents-prod.s3-us-west-2.amazonaws.com/f83a79c6-8cf9-4c1a-b45e-b266634eaf90/external/20251119155158640--ZuFlj8i.pdf
customer-master,Customer Master,data[].secondaryCustomerName.lastName,,string,,secondary_last_name,cdk_customer_master,KNA1 (General Customer Master) / KNB1 (Company Code Data),,DOCUMENTED,https://fortellis-api-documents-prod.s3-us-west-2.amazonaws.com/f83a79c6-8cf9-4c1a-b45e-b266634eaf90/external/20251119155158640--ZuFlj8i.pdf
customer-master,Customer Master,data[].secondaryCustomerName.fullName,,string,,secondary_full_name,cdk_customer_master,KNA1 (General Customer Master) / KNB1 (Company Code Data),,DOCUMENTED,https://fortellis-api-documents-prod.s3-us-west-2.amazonaws.com/f83a79c6-8cf9-4c1a-b45e-b266634eaf90/external/20251119155158640--ZuFlj8i.pdf
customer-master,Customer Master,data[].secondaryCustomerName.companyName,,string,,secondary_company_name,cdk_customer_master,KNA1 (General Customer Master) / KNB1 (Company Code Data),,DOCUMENTED,https://fortellis-api-documents-prod.s3-us-west-2.amazonaws.com/f83a79c6-8cf9-4c1a-b45e-b266634eaf90/external/20251119155158640--ZuFlj8i.pdf
customer-master,Customer Master,data[].birthDate.day,,string,,birth_day,cdk_customer_master,KNA1 (General Customer Master) / KNB1 (Company Code Data),KNA1-GBDAT (part),DOCUMENTED,https://fortellis-api-documents-prod.s3-us-west-2.amazonaws.com/f83a79c6-8cf9-4c1a-b45e-b266634eaf90/external/20251119155158640--ZuFlj8i.pdf
customer-master,Customer Master,data[].birthDate.month,,string,,birth_month,cdk_customer_master,KNA1 (General Customer Master) / KNB1 (Company Code Data),,DOCUMENTED,https://fortellis-api-documents-prod.s3-us-west-2.amazonaws.com/f83a79c6-8cf9-4c1a-b45e-b266634eaf90/external/20251119155158640--ZuFlj8i.pdf
customer-master,Customer Master,data[].birthDate.year,,string,,birth_year,cdk_customer_master,KNA1 (General Customer Master) / KNB1 (Company Code Data),,DOCUMENTED,https://fortellis-api-documents-prod.s3-us-west-2.amazonaws.com/f83a79c6-8cf9-4c1a-b45e-b266634eaf90/external/20251119155158640--ZuFlj8i.pdf
customer-master,Customer Master,data[].postalAddress.addressLine1,,string,,address_line1,cdk_customer_master,KNA1 (General Customer Master) / KNB1 (Company Code Data),KNA1-STRAS,DOCUMENTED,https://fortellis-api-documents-prod.s3-us-west-2.amazonaws.com/f83a79c6-8cf9-4c1a-b45e-b266634eaf90/external/20251119155158640--ZuFlj8i.pdf
customer-master,Customer Master,data[].postalAddress.addressLine2,,string,,address_line2,cdk_customer_master,KNA1 (General Customer Master) / KNB1 (Company Code Data),,DOCUMENTED,https://fortellis-api-documents-prod.s3-us-west-2.amazonaws.com/f83a79c6-8cf9-4c1a-b45e-b266634eaf90/external/20251119155158640--ZuFlj8i.pdf
customer-master,Customer Master,data[].postalAddress.city,,string,,city,cdk_customer_master,KNA1 (General Customer Master) / KNB1 (Company Code Data),KNA1-ORT01,DOCUMENTED,https://fortellis-api-documents-prod.s3-us-west-2.amazonaws.com/f83a79c6-8cf9-4c1a-b45e-b266634eaf90/external/20251119155158640--ZuFlj8i.pdf
customer-master,Customer Master,data[].postalAddress.county,,string,,county,cdk_customer_master,KNA1 (General Customer Master) / KNB1 (Company Code Data),,DOCUMENTED,https://fortellis-api-documents-prod.s3-us-west-2.amazonaws.com/f83a79c6-8cf9-4c1a-b45e-b266634eaf90/external/20251119155158640--ZuFlj8i.pdf
customer-master,Customer Master,data[].postalAddress.state,,string,,state,cdk_customer_master,KNA1 (General Customer Master) / KNB1 (Company Code Data),KNA1-REGIO,DOCUMENTED,https://fortellis-api-documents-prod.s3-us-west-2.amazonaws.com/f83a79c6-8cf9-4c1a-b45e-b266634eaf90/external/20251119155158640--ZuFlj8i.pdf
customer-master,Customer Master,data[].postalAddress.postalCode,,string,,postal_code,cdk_customer_master,KNA1 (General Customer Master) / KNB1 (Company Code Data),KNA1-PSTLZ,DOCUMENTED,https://fortellis-api-documents-prod.s3-us-west-2.amazonaws.com/f83a79c6-8cf9-4c1a-b45e-b266634eaf90/external/20251119155158640--ZuFlj8i.pdf
customer-master,Customer Master,data[].postalAddress.country,,string,,country,cdk_customer_master,KNA1 (General Customer Master) / KNB1 (Company Code Data),KNA1-LAND1,DOCUMENTED,https://fortellis-api-documents-prod.s3-us-west-2.amazonaws.com/f83a79c6-8cf9-4c1a-b45e-b266634eaf90/external/20251119155158640--ZuFlj8i.pdf
customer-master,Customer Master,data[].contactMethods.primaryPhone,,string,,primary_phone,cdk_customer_master,KNA1 (General Customer Master) / KNB1 (Company Code Data),KNA1-TELF1,DOCUMENTED,https://fortellis-api-documents-prod.s3-us-west-2.amazonaws.com/f83a79c6-8cf9-4c1a-b45e-b266634eaf90/external/20251119155158640--ZuFlj8i.pdf
customer-master,Customer Master,data[].contactMethods.homePhone,,string,,home_phone,cdk_customer_master,KNA1 (General Customer Master) / KNB1 (Company Code Data),,DOCUMENTED,https://fortellis-api-documents-prod.s3-us-west-2.amazonaws.com/f83a79c6-8cf9-4c1a-b45e-b266634eaf90/external/20251119155158640--ZuFlj8i.pdf
customer-master,Customer Master,data[].contactMethods.secondaryHomePhone,,string,,secondary_home_phone,cdk_customer_master,KNA1 (General Customer Master) / KNB1 (Company Code Data),,DOCUMENTED,https://fortellis-api-documents-prod.s3-us-west-2.amazonaws.com/f83a79c6-8cf9-4c1a-b45e-b266634eaf90/external/20251119155158640--ZuFlj8i.pdf
customer-master,Customer Master,data[].contactMethods.mobilePhone,,string,,mobile_phone,cdk_customer_master,KNA1 (General Customer Master) / KNB1 (Company Code Data),KNA1-TELF2,DOCUMENTED,https://fortellis-api-documents-prod.s3-us-west-2.amazonaws.com/f83a79c6-8cf9-4c1a-b45e-b266634eaf90/external/20251119155158640--ZuFlj8i.pdf
customer-master,Customer Master,data[].contactMethods.businessPhone,,string,,business_phone,cdk_customer_master,KNA1 (General Customer Master) / KNB1 (Company Code Data),,DOCUMENTED,https://fortellis-api-documents-prod.s3-us-west-2.amazonaws.com/f83a79c6-8cf9-4c1a-b45e-b266634eaf90/external/20251119155158640--ZuFlj8i.pdf
customer-master,Customer Master,data[].contactMethods.businessPhoneExt,,string,,business_phone_ext,cdk_customer_master,KNA1 (General Customer Master) / KNB1 (Company Code Data),,DOCUMENTED,https://fortellis-api-documents-prod.s3-us-west-2.amazonaws.com/f83a79c6-8cf9-4c1a-b45e-b266634eaf90/external/20251119155158640--ZuFlj8i.pdf
customer-master,Customer Master,data[].contactMethods.homeFax,,string,,home_fax,cdk_customer_master,KNA1 (General Customer Master) / KNB1 (Company Code Data),,DOCUMENTED,https://fortellis-api-documents-prod.s3-us-west-2.amazonaws.com/f83a79c6-8cf9-4c1a-b45e-b266634eaf90/external/20251119155158640--ZuFlj8i.pdf
customer-master,Customer Master,data[].contactMethods.workFax,,string,,work_fax,cdk_customer_master,KNA1 (General Customer Master) / KNB1 (Company Code Data),,DOCUMENTED,https://fortellis-api-documents-prod.s3-us-west-2.amazonaws.com/f83a79c6-8cf9-4c1a-b45e-b266634eaf90/external/20251119155158640--ZuFlj8i.pdf
customer-master,Customer Master,data[].contactMethods.pager,,string,,pager_number,cdk_customer_master,KNA1 (General Customer Master) / KNB1 (Company Code Data),,DOCUMENTED,https://fortellis-api-documents-prod.s3-us-west-2.amazonaws.com/f83a79c6-8cf9-4c1a-b45e-b266634eaf90/external/20251119155158640--ZuFlj8i.pdf
customer-master,Customer Master,data[].contactMethods.textMessagePhone,,string,,text_message_phone,cdk_customer_master,KNA1 (General Customer Master) / KNB1 (Company Code Data),,DOCUMENTED,https://fortellis-api-documents-prod.s3-us-west-2.amazonaws.com/f83a79c6-8cf9-4c1a-b45e-b266634eaf90/external/20251119155158640--ZuFlj8i.pdf
customer-master,Customer Master,data[].contactMethods.textMessageCarrier,,string,,text_message_carrier,cdk_customer_master,KNA1 (General Customer Master) / KNB1 (Company Code Data),,DOCUMENTED,https://fortellis-api-documents-prod.s3-us-west-2.amazonaws.com/f83a79c6-8cf9-4c1a-b45e-b266634eaf90/external/20251119155158640--ZuFlj8i.pdf
customer-master,Customer Master,data[].contactMethods.emailAddresses[].address,,string,,email_address,cdk_customer_master,KNA1 (General Customer Master) / KNB1 (Company Code Data),ADR6-SMTP_ADDR,DOCUMENTED,https://fortellis-api-documents-prod.s3-us-west-2.amazonaws.com/f83a79c6-8cf9-4c1a-b45e-b266634eaf90/external/20251119155158640--ZuFlj8i.pdf
customer-master,Customer Master,data[].contactMethods.emailAddresses[].type,,enum,,email_type,cdk_customer_master,KNA1 (General Customer Master) / KNB1 (Company Code Data),,DOCUMENTED,https://fortellis-api-documents-prod.s3-us-west-2.amazonaws.com/f83a79c6-8cf9-4c1a-b45e-b266634eaf90/external/20251119155158640--ZuFlj8i.pdf
customer-master,Customer Master,data[].contactMethods.preferredMethod,,enum,,preferred_contact_method,cdk_customer_master,KNA1 (General Customer Master) / KNB1 (Company Code Data),,DOCUMENTED,https://fortellis-api-documents-prod.s3-us-west-2.amazonaws.com/f83a79c6-8cf9-4c1a-b45e-b266634eaf90/external/20251119155158640--ZuFlj8i.pdf
customer-master,Customer Master,data[].preferredContact,,enum,,preferred_contact,cdk_customer_master,KNA1 (General Customer Master) / KNB1 (Company Code Data),,DOCUMENTED,https://fortellis-api-documents-prod.s3-us-west-2.amazonaws.com/f83a79c6-8cf9-4c1a-b45e-b266634eaf90/external/20251119155158640--ZuFlj8i.pdf
customer-master,Customer Master,data[].contactMethods.preferredDay,,enum,,preferred_day,cdk_customer_master,KNA1 (General Customer Master) / KNB1 (Company Code Data),,DOCUMENTED,https://fortellis-api-documents-prod.s3-us-west-2.amazonaws.com/f83a79c6-8cf9-4c1a-b45e-b266634eaf90/external/20251119155158640--ZuFlj8i.pdf
customer-master,Customer Master,data[].contactMethods.preferredTime,,enum,,preferred_time,cdk_customer_master,KNA1 (General Customer Master) / KNB1 (Company Code Data),,DOCUMENTED,https://fortellis-api-documents-prod.s3-us-west-2.amazonaws.com/f83a79c6-8cf9-4c1a-b45e-b266634eaf90/external/20251119155158640--ZuFlj8i.pdf
customer-master,Customer Master,data[].contactMethods.blockEmailFlag,,boolean,,block_email_flag,cdk_customer_master,KNA1 (General Customer Master) / KNB1 (Company Code Data),,DOCUMENTED,https://fortellis-api-documents-prod.s3-us-west-2.amazonaws.com/f83a79c6-8cf9-4c1a-b45e-b266634eaf90/external/20251119155158640--ZuFlj8i.pdf
customer-master,Customer Master,data[].contactMethods.blockMailFlag,,boolean,,block_mail_flag,cdk_customer_master,KNA1 (General Customer Master) / KNB1 (Company Code Data),,DOCUMENTED,https://fortellis-api-documents-prod.s3-us-west-2.amazonaws.com/f83a79c6-8cf9-4c1a-b45e-b266634eaf90/external/20251119155158640--ZuFlj8i.pdf
customer-master,Customer Master,data[].contactMethods.blockPhoneFlag,,boolean,,block_phone_flag,cdk_customer_master,KNA1 (General Customer Master) / KNB1 (Company Code Data),,DOCUMENTED,https://fortellis-api-documents-prod.s3-us-west-2.amazonaws.com/f83a79c6-8cf9-4c1a-b45e-b266634eaf90/external/20251119155158640--ZuFlj8i.pdf
customer-master,Customer Master,data[].gender,,enum,,gender,cdk_customer_master,KNA1 (General Customer Master) / KNB1 (Company Code Data),,DOCUMENTED,https://fortellis-api-documents-prod.s3-us-west-2.amazonaws.com/f83a79c6-8cf9-4c1a-b45e-b266634eaf90/external/20251119155158640--ZuFlj8i.pdf
customer-master,Customer Master,data[].employer,,string,,employer,cdk_customer_master,KNA1 (General Customer Master) / KNB1 (Company Code Data),,DOCUMENTED,https://fortellis-api-documents-prod.s3-us-west-2.amazonaws.com/f83a79c6-8cf9-4c1a-b45e-b266634eaf90/external/20251119155158640--ZuFlj8i.pdf
customer-master,Customer Master,data[].language,,string,,language_preference,cdk_customer_master,KNA1 (General Customer Master) / KNB1 (Company Code Data),,DOCUMENTED,https://fortellis-api-documents-prod.s3-us-west-2.amazonaws.com/f83a79c6-8cf9-4c1a-b45e-b266634eaf90/external/20251119155158640--ZuFlj8i.pdf
customer-master,Customer Master,data[].comment,,string,,comment,cdk_customer_master,KNA1 (General Customer Master) / KNB1 (Company Code Data),,DOCUMENTED,https://fortellis-api-documents-prod.s3-us-west-2.amazonaws.com/f83a79c6-8cf9-4c1a-b45e-b266634eaf90/external/20251119155158640--ZuFlj8i.pdf
customer-master,Customer Master,data[].commentDate,,date,,comment_date,cdk_customer_master,KNA1 (General Customer Master) / KNB1 (Company Code Data),,DOCUMENTED,https://fortellis-api-documents-prod.s3-us-west-2.amazonaws.com/f83a79c6-8cf9-4c1a-b45e-b266634eaf90/external/20251119155158640--ZuFlj8i.pdf
customer-master,Customer Master,data[].dateAdded,,date,,date_added,cdk_customer_master,KNA1 (General Customer Master) / KNB1 (Company Code Data),KNA1-ERDAT,DOCUMENTED,https://fortellis-api-documents-prod.s3-us-west-2.amazonaws.com/f83a79c6-8cf9-4c1a-b45e-b266634eaf90/external/20251119155158640--ZuFlj8i.pdf
customer-master,Customer Master,data[].lastUpdated,,date,,last_updated,cdk_customer_master,KNA1 (General Customer Master) / KNB1 (Company Code Data),,DOCUMENTED,https://fortellis-api-documents-prod.s3-us-west-2.amazonaws.com/f83a79c6-8cf9-4c1a-b45e-b266634eaf90/external/20251119155158640--ZuFlj8i.pdf
customer-master,Customer Master,data[].partsFlag,,boolean,,parts_flag,cdk_customer_master,KNA1 (General Customer Master) / KNB1 (Company Code Data),,DOCUMENTED,https://fortellis-api-documents-prod.s3-us-west-2.amazonaws.com/f83a79c6-8cf9-4c1a-b45e-b266634eaf90/external/20251119155158640--ZuFlj8i.pdf
customer-master,Customer Master,data[].partsType,,enum,,parts_type,cdk_customer_master,KNA1 (General Customer Master) / KNB1 (Company Code Data),,DOCUMENTED,https://fortellis-api-documents-prod.s3-us-west-2.amazonaws.com/f83a79c6-8cf9-4c1a-b45e-b266634eaf90/external/20251119155158640--ZuFlj8i.pdf
customer-master,Customer Master,data[].partsCounterCode,,string,,parts_counter_code,cdk_customer_master,KNA1 (General Customer Master) / KNB1 (Company Code Data),,DOCUMENTED,https://fortellis-api-documents-prod.s3-us-west-2.amazonaws.com/f83a79c6-8cf9-4c1a-b45e-b266634eaf90/external/20251119155158640--ZuFlj8i.pdf
customer-master,Customer Master,data[].serviceCustomer,,string,,service_customer_code,cdk_customer_master,KNA1 (General Customer Master) / KNB1 (Company Code Data),,DOCUMENTED,https://fortellis-api-documents-prod.s3-us-west-2.amazonaws.com/f83a79c6-8cf9-4c1a-b45e-b266634eaf90/external/20251119155158640--ZuFlj8i.pdf
customer-master,Customer Master,data[].mailability,,string,,mailability_index,cdk_customer_master,KNA1 (General Customer Master) / KNB1 (Company Code Data),,DOCUMENTED,https://fortellis-api-documents-prod.s3-us-west-2.amazonaws.com/f83a79c6-8cf9-4c1a-b45e-b266634eaf90/external/20251119155158640--ZuFlj8i.pdf
customer-master,Customer Master,data[].nameCode,,string,,name_control_code,cdk_customer_master,KNA1 (General Customer Master) / KNB1 (Company Code Data),,DOCUMENTED,https://fortellis-api-documents-prod.s3-us-west-2.amazonaws.com/f83a79c6-8cf9-4c1a-b45e-b266634eaf90/external/20251119155158640--ZuFlj8i.pdf
customer-master,Customer Master,data[].taxCode,,string,,tax_code,cdk_customer_master,KNA1 (General Customer Master) / KNB1 (Company Code Data),KNA1-STCEG (analogue),DOCUMENTED,https://fortellis-api-documents-prod.s3-us-west-2.amazonaws.com/f83a79c6-8cf9-4c1a-b45e-b266634eaf90/external/20251119155158640--ZuFlj8i.pdf
customer-master,Customer Master,data[].saleType,,string,,default_sale_type,cdk_customer_master,KNA1 (General Customer Master) / KNB1 (Company Code Data),,DOCUMENTED,https://fortellis-api-documents-prod.s3-us-west-2.amazonaws.com/f83a79c6-8cf9-4c1a-b45e-b266634eaf90/external/20251119155158640--ZuFlj8i.pdf
customer-master,Customer Master,data[].isDeleteDataFlag,,boolean,,is_delete_data_flag,cdk_customer_master,KNA1 (General Customer Master) / KNB1 (Company Code Data),,DOCUMENTED,https://fortellis-api-documents-prod.s3-us-west-2.amazonaws.com/f83a79c6-8cf9-4c1a-b45e-b266634eaf90/external/20251119155158640--ZuFlj8i.pdf
customer-master,Customer Master,data[].deleteDataDate,,date,,delete_data_date,cdk_customer_master,KNA1 (General Customer Master) / KNB1 (Company Code Data),,DOCUMENTED,https://fortellis-api-documents-prod.s3-us-west-2.amazonaws.com/f83a79c6-8cf9-4c1a-b45e-b266634eaf90/external/20251119155158640--ZuFlj8i.pdf
customer-master,Customer Master,data[].deleteDataTime,,string,,delete_data_time,cdk_customer_master,KNA1 (General Customer Master) / KNB1 (Company Code Data),,DOCUMENTED,https://fortellis-api-documents-prod.s3-us-west-2.amazonaws.com/f83a79c6-8cf9-4c1a-b45e-b266634eaf90/external/20251119155158640--ZuFlj8i.pdf
customer-master,Customer Master,data[].optOutFlag,,boolean,,opt_out_flag,cdk_customer_master,KNA1 (General Customer Master) / KNB1 (Company Code Data),,DOCUMENTED,https://fortellis-api-documents-prod.s3-us-west-2.amazonaws.com/f83a79c6-8cf9-4c1a-b45e-b266634eaf90/external/20251119155158640--ZuFlj8i.pdf
customer-master,Customer Master,data[].optOutDate,,date,,opt_out_date,cdk_customer_master,KNA1 (General Customer Master) / KNB1 (Company Code Data),,DOCUMENTED,https://fortellis-api-documents-prod.s3-us-west-2.amazonaws.com/f83a79c6-8cf9-4c1a-b45e-b266634eaf90/external/20251119155158640--ZuFlj8i.pdf
customer-master,Customer Master,data[].optOutTime,,string,,opt_out_time,cdk_customer_master,KNA1 (General Customer Master) / KNB1 (Company Code Data),,DOCUMENTED,https://fortellis-api-documents-prod.s3-us-west-2.amazonaws.com/f83a79c6-8cf9-4c1a-b45e-b266634eaf90/external/20251119155158640--ZuFlj8i.pdf
customer-master,Customer Master,data[].casl_consentTimestamp,,datetime,,casl_consent_timestamp,cdk_customer_master,KNA1 (General Customer Master) / KNB1 (Company Code Data),,UNVERIFIED,
customer-master,Customer Master,data[].overDues.over30Due,,decimal,currency,overdue_30_days,cdk_customer_master,KNA1 (General Customer Master) / KNB1 (Company Code Data),Aging bucket 1 (analogue),DOCUMENTED,https://fortellis-api-documents-prod.s3-us-west-2.amazonaws.com/f83a79c6-8cf9-4c1a-b45e-b266634eaf90/external/20251119155158640--ZuFlj8i.pdf
customer-master,Customer Master,data[].overDues.over60Due,,decimal,currency,overdue_60_days,cdk_customer_master,KNA1 (General Customer Master) / KNB1 (Company Code Data),,DOCUMENTED,https://fortellis-api-documents-prod.s3-us-west-2.amazonaws.com/f83a79c6-8cf9-4c1a-b45e-b266634eaf90/external/20251119155158640--ZuFlj8i.pdf
customer-master,Customer Master,data[].overDues.over90Due,,decimal,currency,overdue_90_days,cdk_customer_master,KNA1 (General Customer Master) / KNB1 (Company Code Data),,DOCUMENTED,https://fortellis-api-documents-prod.s3-us-west-2.amazonaws.com/f83a79c6-8cf9-4c1a-b45e-b266634eaf90/external/20251119155158640--ZuFlj8i.pdf
customer-master,Customer Master,data[].overDues.over120Due,,decimal,currency,overdue_120_days,cdk_customer_master,KNA1 (General Customer Master) / KNB1 (Company Code Data),,DOCUMENTED,https://fortellis-api-documents-prod.s3-us-west-2.amazonaws.com/f83a79c6-8cf9-4c1a-b45e-b266634eaf90/external/20251119155158640--ZuFlj8i.pdf
customer-master,Customer Master,data[].balances,,decimal,currency,current_balance,cdk_customer_master,KNA1 (General Customer Master) / KNB1 (Company Code Data),KNC1-SLD03 (analogue),DOCUMENTED,https://fortellis-api-documents-prod.s3-us-west-2.amazonaws.com/f83a79c6-8cf9-4c1a-b45e-b266634eaf90/external/20251119155158640--ZuFlj8i.pdf
customer-master,Customer Master,data[].creditLimit,,decimal,currency,credit_limit,cdk_customer_master,KNA1 (General Customer Master) / KNB1 (Company Code Data),KNKK-KLIMK,DOCUMENTED,https://fortellis-api-documents-prod.s3-us-west-2.amazonaws.com/f83a79c6-8cf9-4c1a-b45e-b266634eaf90/external/20251119155158640--ZuFlj8i.pdf
customer-master,Customer Master,data[].currentDue,,decimal,currency,current_due,cdk_customer_master,KNA1 (General Customer Master) / KNB1 (Company Code Data),,DOCUMENTED,https://fortellis-api-documents-prod.s3-us-west-2.amazonaws.com/f83a79c6-8cf9-4c1a-b45e-b266634eaf90/external/20251119155158640--ZuFlj8i.pdf
customer-master,Customer Master,data[].insurance.policy.number,,string,,insurance_policy_number,cdk_customer_master,KNA1 (General Customer Master) / KNB1 (Company Code Data),,DOCUMENTED,https://fortellis-api-documents-prod.s3-us-west-2.amazonaws.com/f83a79c6-8cf9-4c1a-b45e-b266634eaf90/external/20251119155158640--ZuFlj8i.pdf
customer-master,Customer Master,data[].insurance.policy.expirationDate,,date,,insurance_policy_expiration,cdk_customer_master,KNA1 (General Customer Master) / KNB1 (Company Code Data),,DOCUMENTED,https://fortellis-api-documents-prod.s3-us-west-2.amazonaws.com/f83a79c6-8cf9-4c1a-b45e-b266634eaf90/external/20251119155158640--ZuFlj8i.pdf
customer-master,Customer Master,data[].insurance.insuranceCompany.name,,string,,insurance_company_name,cdk_customer_master,KNA1 (General Customer Master) / KNB1 (Company Code Data),,DOCUMENTED,https://fortellis-api-documents-prod.s3-us-west-2.amazonaws.com/f83a79c6-8cf9-4c1a-b45e-b266634eaf90/external/20251119155158640--ZuFlj8i.pdf
customer-master,Customer Master,data[].insurance.insuranceAgency.agentName,,string,,insurance_agent_name,cdk_customer_master,KNA1 (General Customer Master) / KNB1 (Company Code Data),,DOCUMENTED,https://fortellis-api-documents-prod.s3-us-west-2.amazonaws.com/f83a79c6-8cf9-4c1a-b45e-b266634eaf90/external/20251119155158640--ZuFlj8i.pdf
customer-master,Customer Master,data[].specInstructions.line1,,string,,special_instructions_line1,cdk_customer_master,KNA1 (General Customer Master) / KNB1 (Company Code Data),,DOCUMENTED,https://fortellis-api-documents-prod.s3-us-west-2.amazonaws.com/f83a79c6-8cf9-4c1a-b45e-b266634eaf90/external/20251119155158640--ZuFlj8i.pdf
customer-master,Customer Master,data[].specInstructions.line2,,string,,special_instructions_line2,cdk_customer_master,KNA1 (General Customer Master) / KNB1 (Company Code Data),,DOCUMENTED,https://fortellis-api-documents-prod.s3-us-west-2.amazonaws.com/f83a79c6-8cf9-4c1a-b45e-b266634eaf90/external/20251119155158640--ZuFlj8i.pdf
customer-master,Customer Master,data[].specInstructions.line3,,string,,special_instructions_line3,cdk_customer_master,KNA1 (General Customer Master) / KNB1 (Company Code Data),,DOCUMENTED,https://fortellis-api-documents-prod.s3-us-west-2.amazonaws.com/f83a79c6-8cf9-4c1a-b45e-b266634eaf90/external/20251119155158640--ZuFlj8i.pdf
customer-master,Customer Master,data[].specInstructions.line4,,string,,special_instructions_line4,cdk_customer_master,KNA1 (General Customer Master) / KNB1 (Company Code Data),,DOCUMENTED,https://fortellis-api-documents-prod.s3-us-west-2.amazonaws.com/f83a79c6-8cf9-4c1a-b45e-b266634eaf90/external/20251119155158640--ZuFlj8i.pdf
customer-master,Customer Master,data[].specInstructions.line5,,string,,special_instructions_line5,cdk_customer_master,KNA1 (General Customer Master) / KNB1 (Company Code Data),,DOCUMENTED,https://fortellis-api-documents-prod.s3-us-west-2.amazonaws.com/f83a79c6-8cf9-4c1a-b45e-b266634eaf90/external/20251119155158640--ZuFlj8i.pdf
customer-master,Customer Master,crm.customerId,,string,,crm_customer_id,cdk_customer_master,KNA1 (General Customer Master) / KNB1 (Company Code Data),,DOCUMENTED,https://fortellis-api-documents-prod.s3-us-west-2.amazonaws.com/c0e82268-70cc-4d04-92c1-da9934800505/external/20220621170422548-uYfTqXe1.pdf
vehicle-master,Vehicle Master,vehicleId,,string,,vehicle_id,cdk_vehicle_master,EQUI (Equipment Master) — closest SAP analogue for a serialized asset record,EQUI-EQUNR (equipment master analogue),DOCUMENTED,https://learn.microsoft.com/en-us/connectors/cdkdriveservicevehicles/
vehicle-master,Vehicle Master,identification.vin,,string,,vin,cdk_vehicle_master,EQUI (Equipment Master) — closest SAP analogue for a serialized asset record,EQUI-SERGE (serial no. analogue),DOCUMENTED,https://learn.microsoft.com/en-us/connectors/cdkdriveservicevehicles/
vehicle-master,Vehicle Master,identification.licensePlateNum,,string,,license_plate_number,cdk_vehicle_master,EQUI (Equipment Master) — closest SAP analogue for a serialized asset record,,DOCUMENTED,https://learn.microsoft.com/en-us/connectors/cdkdriveservicevehicles/
vehicle-master,Vehicle Master,specification.makeCode,,string,,make_code,cdk_vehicle_master,EQUI (Equipment Master) — closest SAP analogue for a serialized asset record,,DOCUMENTED,https://learn.microsoft.com/en-us/connectors/cdkdriveservicevehicles/
vehicle-master,Vehicle Master,specification.make,,string,,make,cdk_vehicle_master,EQUI (Equipment Master) — closest SAP analogue for a serialized asset record,,DOCUMENTED,https://learn.microsoft.com/en-us/connectors/cdkdriveservicevehicles/
vehicle-master,Vehicle Master,specification.modelCode,,string,,model_code,cdk_vehicle_master,EQUI (Equipment Master) — closest SAP analogue for a serialized asset record,,DOCUMENTED,https://learn.microsoft.com/en-us/connectors/cdkdriveservicevehicles/
vehicle-master,Vehicle Master,specification.model,,string,,model,cdk_vehicle_master,EQUI (Equipment Master) — closest SAP analogue for a serialized asset record,,DOCUMENTED,https://learn.microsoft.com/en-us/connectors/cdkdriveservicevehicles/
vehicle-master,Vehicle Master,specification.modelYear,,integer,,model_year,cdk_vehicle_master,EQUI (Equipment Master) — closest SAP analogue for a serialized asset record,,DOCUMENTED,https://learn.microsoft.com/en-us/connectors/cdkdriveservicevehicles/
vehicle-master,Vehicle Master,exteriorColor,,string,,exterior_color,cdk_vehicle_master,EQUI (Equipment Master) — closest SAP analogue for a serialized asset record,,DOCUMENTED,https://learn.microsoft.com/en-us/connectors/cdkdriveservicevehicles/
vehicle-master,Vehicle Master,mileage.value,,integer,quantity,mileage_value,cdk_vehicle_master,EQUI (Equipment Master) — closest SAP analogue for a serialized asset record,,DOCUMENTED,https://learn.microsoft.com/en-us/connectors/cdkdriveservicevehicles/
vehicle-master,Vehicle Master,mileage.units,,enum,,mileage_units,cdk_vehicle_master,EQUI (Equipment Master) — closest SAP analogue for a serialized asset record,,DOCUMENTED,https://learn.microsoft.com/en-us/connectors/cdkdriveservicevehicles/
vehicle-master,Vehicle Master,status,,enum,,vehicle_status,cdk_vehicle_master,EQUI (Equipment Master) — closest SAP analogue for a serialized asset record,,DOCUMENTED,https://learn.microsoft.com/en-us/connectors/cdkdriveservicevehicles/
vehicle-master,Vehicle Master,dates.delivered,,date,,date_delivered,cdk_vehicle_master,EQUI (Equipment Master) — closest SAP analogue for a serialized asset record,,DOCUMENTED,https://learn.microsoft.com/en-us/connectors/cdkdriveservicevehicles/
vehicle-master,Vehicle Master,dates.inService,,date,,date_in_service,cdk_vehicle_master,EQUI (Equipment Master) — closest SAP analogue for a serialized asset record,,DOCUMENTED,https://learn.microsoft.com/en-us/connectors/cdkdriveservicevehicles/
vehicle-master,Vehicle Master,dates.warrantyExpiration,,date,,warranty_expiration_date,cdk_vehicle_master,EQUI (Equipment Master) — closest SAP analogue for a serialized asset record,,DOCUMENTED,https://learn.microsoft.com/en-us/connectors/cdkdriveservicevehicles/
vehicle-master,Vehicle Master,ownerHref,,string,,owner_href,cdk_vehicle_master,EQUI (Equipment Master) — closest SAP analogue for a serialized asset record,,DOCUMENTED,https://learn.microsoft.com/en-us/connectors/cdkdriveservicevehicles/
vehicle-master,Vehicle Master,primaryDriverHref,,string,,primary_driver_href,cdk_vehicle_master,EQUI (Equipment Master) — closest SAP analogue for a serialized asset record,,DOCUMENTED,https://learn.microsoft.com/en-us/connectors/cdkdriveservicevehicles/
vehicle-master,Vehicle Master,stockNumber,,string,,stock_number,cdk_vehicle_master,EQUI (Equipment Master) — closest SAP analogue for a serialized asset record,,UNVERIFIED,
vehicle-master,Vehicle Master,lotLocation,,string,,lot_location,cdk_vehicle_master,EQUI (Equipment Master) — closest SAP analogue for a serialized asset record,,DOCUMENTED,https://fortellis-api-documents-prod.s3-us-west-2.amazonaws.com/cf3e1079-e617-4e4d-acd0-21e991f60408/external/20251117202238328-ze9Edh5W.pdf
vehicle-master,Vehicle Master,ro_embedded.vehId,,string,,ro_embedded_veh_id,cdk_vehicle_master,EQUI (Equipment Master) — closest SAP analogue for a serialized asset record,,DOCUMENTED,https://fortellis-api-documents-prod.s3-us-west-2.amazonaws.com/cf3e1079-e617-4e4d-acd0-21e991f60408/external/20251117202238328-ze9Edh5W.pdf
vehicle-master,Vehicle Master,ro_embedded.deliveryDate,,date,,ro_embedded_delivery_date,cdk_vehicle_master,EQUI (Equipment Master) — closest SAP analogue for a serialized asset record,,DOCUMENTED,https://fortellis-api-documents-prod.s3-us-west-2.amazonaws.com/cf3e1079-e617-4e4d-acd0-21e991f60408/external/20251117202238328-ze9Edh5W.pdf
vehicle-master,Vehicle Master,ro_embedded.vehicleColor,,string,,ro_embedded_vehicle_color,cdk_vehicle_master,EQUI (Equipment Master) — closest SAP analogue for a serialized asset record,,DOCUMENTED,https://fortellis-api-documents-prod.s3-us-west-2.amazonaws.com/cf3e1079-e617-4e4d-acd0-21e991f60408/external/20251117202238328-ze9Edh5W.pdf
vehicle-master,Vehicle Master,ro_embedded.makeDesc,,string,,ro_embedded_make_desc,cdk_vehicle_master,EQUI (Equipment Master) — closest SAP analogue for a serialized asset record,,DOCUMENTED,https://fortellis-api-documents-prod.s3-us-west-2.amazonaws.com/cf3e1079-e617-4e4d-acd0-21e991f60408/external/20251117202238328-ze9Edh5W.pdf
vehicle-master,Vehicle Master,ro_embedded.modelDesc,,string,,ro_embedded_model_desc,cdk_vehicle_master,EQUI (Equipment Master) — closest SAP analogue for a serialized asset record,,DOCUMENTED,https://fortellis-api-documents-prod.s3-us-west-2.amazonaws.com/cf3e1079-e617-4e4d-acd0-21e991f60408/external/20251117202238328-ze9Edh5W.pdf
vehicle-master,Vehicle Master,isSoldByDealer,,boolean,,is_sold_by_dealer,cdk_vehicle_master,EQUI (Equipment Master) — closest SAP analogue for a serialized asset record,,DOCUMENTED,https://fortellis-api-documents-prod.s3-us-west-2.amazonaws.com/cf3e1079-e617-4e4d-acd0-21e991f60408/external/20251117202238328-ze9Edh5W.pdf
employee-master,Employee Master,employeeKey,,string,,employee_key,cdk_employee_master,PA0001 / PA0002 (HR master infotypes) — closest SAP analogue,,UNVERIFIED,
employee-master,Employee Master,data[].serviceAdvisor,,integer,,service_advisor_number,cdk_employee_master,PA0001 / PA0002 (HR master infotypes) — closest SAP analogue,PERNR (personnel number analogue),DOCUMENTED,https://fortellis-api-documents-prod.s3-us-west-2.amazonaws.com/cf3e1079-e617-4e4d-acd0-21e991f60408/external/20251117202238328-ze9Edh5W.pdf
employee-master,Employee Master,data[].cashier,,string,,cashier_id,cdk_employee_master,PA0001 / PA0002 (HR master infotypes) — closest SAP analogue,,DOCUMENTED,https://fortellis-api-documents-prod.s3-us-west-2.amazonaws.com/cf3e1079-e617-4e4d-acd0-21e991f60408/external/20251117202238328-ze9Edh5W.pdf
employee-master,Employee Master,data[].bookerNo,,integer,,booker_number,cdk_employee_master,PA0001 / PA0002 (HR master infotypes) — closest SAP analogue,,DOCUMENTED,https://fortellis-api-documents-prod.s3-us-west-2.amazonaws.com/cf3e1079-e617-4e4d-acd0-21e991f60408/external/20251117202238328-ze9Edh5W.pdf
employee-master,Employee Master,line.storyEmployeeNo,,string,,story_employee_number,cdk_employee_master,PA0001 / PA0002 (HR master infotypes) — closest SAP analogue,,DOCUMENTED,https://fortellis-api-documents-prod.s3-us-west-2.amazonaws.com/cf3e1079-e617-4e4d-acd0-21e991f60408/external/20251117202238328-ze9Edh5W.pdf
employee-master,Employee Master,line.laborOperations[].technicianIds[],,string,,technician_ids,cdk_employee_master,PA0001 / PA0002 (HR master infotypes) — closest SAP analogue,,DOCUMENTED,https://fortellis-api-documents-prod.s3-us-west-2.amazonaws.com/cf3e1079-e617-4e4d-acd0-21e991f60408/external/20251117202238328-ze9Edh5W.pdf
employee-master,Employee Master,line.laborOperations[].comebackSA,,string,,comeback_service_advisor,cdk_employee_master,PA0001 / PA0002 (HR master infotypes) — closest SAP analogue,,DOCUMENTED,https://fortellis-api-documents-prod.s3-us-west-2.amazonaws.com/cf3e1079-e617-4e4d-acd0-21e991f60408/external/20251117202238328-ze9Edh5W.pdf
employee-master,Employee Master,line.laborOperations[].comebackTech,,string,,comeback_technician,cdk_employee_master,PA0001 / PA0002 (HR master infotypes) — closest SAP analogue,,DOCUMENTED,https://fortellis-api-documents-prod.s3-us-west-2.amazonaws.com/cf3e1079-e617-4e4d-acd0-21e991f60408/external/20251117202238328-ze9Edh5W.pdf
employee-master,Employee Master,line.laborOperations[].hours[].technicianId,,integer,,hours_technician_id,cdk_employee_master,PA0001 / PA0002 (HR master infotypes) — closest SAP analogue,,DOCUMENTED,https://fortellis-api-documents-prod.s3-us-west-2.amazonaws.com/cf3e1079-e617-4e4d-acd0-21e991f60408/external/20251117202238328-ze9Edh5W.pdf
employee-master,Employee Master,line.laborOperations[].parts[].employeeId,,integer,,parts_counter_employee_id,cdk_employee_master,PA0001 / PA0002 (HR master infotypes) — closest SAP analogue,,DOCUMENTED,https://fortellis-api-documents-prod.s3-us-west-2.amazonaws.com/cf3e1079-e617-4e4d-acd0-21e991f60408/external/20251117202238328-ze9Edh5W.pdf
employee-master,Employee Master,line.laborOperations[].parts[].outsideSalesmanId,,integer,,outside_salesman_id,cdk_employee_master,PA0001 / PA0002 (HR master infotypes) — closest SAP analogue,,DOCUMENTED,https://fortellis-api-documents-prod.s3-us-west-2.amazonaws.com/cf3e1079-e617-4e4d-acd0-21e991f60408/external/20251117202238328-ze9Edh5W.pdf
employee-master,Employee Master,technicianPunchTimes[].technicianId,,integer,,punch_technician_id,cdk_employee_master,PA0001 / PA0002 (HR master infotypes) — closest SAP analogue,,DOCUMENTED,https://fortellis-api-documents-prod.s3-us-west-2.amazonaws.com/cf3e1079-e617-4e4d-acd0-21e991f60408/external/20251117202238328-ze9Edh5W.pdf
employee-master,Employee Master,discounts[].userID,,string,,discount_user_id,cdk_employee_master,PA0001 / PA0002 (HR master infotypes) — closest SAP analogue,,DOCUMENTED,https://fortellis-api-documents-prod.s3-us-west-2.amazonaws.com/cf3e1079-e617-4e4d-acd0-21e991f60408/external/20251117202238328-ze9Edh5W.pdf
employee-master,Employee Master,discounts[].appliedBy,,string,,discount_applied_by,cdk_employee_master,PA0001 / PA0002 (HR master infotypes) — closest SAP analogue,,DOCUMENTED,https://fortellis-api-documents-prod.s3-us-west-2.amazonaws.com/cf3e1079-e617-4e4d-acd0-21e991f60408/external/20251117202238328-ze9Edh5W.pdf
employee-master,Employee Master,discounts[].managerOverride,,string,,manager_override_id,cdk_employee_master,PA0001 / PA0002 (HR master infotypes) — closest SAP analogue,,DOCUMENTED,https://fortellis-api-documents-prod.s3-us-west-2.amazonaws.com/cf3e1079-e617-4e4d-acd0-21e991f60408/external/20251117202238328-ze9Edh5W.pdf
employee-master,Employee Master,lookup.technicianId,,string,,lookup_technician_id,cdk_employee_master,PA0001 / PA0002 (HR master infotypes) — closest SAP analogue,,INFERRED,
employee-master,Employee Master,lookup.serviceAdvisorId,,string,,lookup_service_advisor_id,cdk_employee_master,PA0001 / PA0002 (HR master infotypes) — closest SAP analogue,,INFERRED,
employee-master,Employee Master,employeeName,,string,,employee_name,cdk_employee_master,PA0001 / PA0002 (HR master infotypes) — closest SAP analogue,,UNVERIFIED,
employee-master,Employee Master,employeeDepartment,,string,,employee_department,cdk_employee_master,PA0001 / PA0002 (HR master infotypes) — closest SAP analogue,,UNVERIFIED,
employee-master,Employee Master,employeeStatus,,enum,,employee_status,cdk_employee_master,PA0001 / PA0002 (HR master infotypes) — closest SAP analogue,,UNVERIFIED,
vendor-master,Vendor Master,vendorId,,string,,vendor_id,cdk_vendor_master,LFA1 (General Vendor Master) / LFB1 (Company Code Data),LFA1-LIFNR,INFERRED,
vendor-master,Vendor Master,vendorName,,string,,vendor_name,cdk_vendor_master,LFA1 (General Vendor Master) / LFB1 (Company Code Data),LFA1-NAME1,INFERRED,
vendor-master,Vendor Master,remitToAddressLine1,,string,,remit_to_address_line1,cdk_vendor_master,LFA1 (General Vendor Master) / LFB1 (Company Code Data),LFA1-STRAS,INFERRED,
vendor-master,Vendor Master,remitToCity,,string,,remit_to_city,cdk_vendor_master,LFA1 (General Vendor Master) / LFB1 (Company Code Data),LFA1-ORT01,INFERRED,
vendor-master,Vendor Master,remitToState,,string,,remit_to_state,cdk_vendor_master,LFA1 (General Vendor Master) / LFB1 (Company Code Data),LFA1-REGIO,INFERRED,
vendor-master,Vendor Master,remitToPostalCode,,string,,remit_to_postal_code,cdk_vendor_master,LFA1 (General Vendor Master) / LFB1 (Company Code Data),LFA1-PSTLZ,INFERRED,
vendor-master,Vendor Master,taxId1099,,string,,tax_id_1099,cdk_vendor_master,LFA1 (General Vendor Master) / LFB1 (Company Code Data),LFA1-STCD1,INFERRED,
vendor-master,Vendor Master,gstHstNumber,,string,,gst_hst_number,cdk_vendor_master,LFA1 (General Vendor Master) / LFB1 (Company Code Data),LFA1-STCD3 (analogue),INFERRED,
vendor-master,Vendor Master,vendorClass,,enum,,vendor_class,cdk_vendor_master,LFA1 (General Vendor Master) / LFB1 (Company Code Data),,UNVERIFIED,
vendor-master,Vendor Master,paymentTerms,,string,,payment_terms,cdk_vendor_master,LFA1 (General Vendor Master) / LFB1 (Company Code Data),LFB1-ZTERM,INFERRED,
vendor-master,Vendor Master,apAccountNo,,string,,ap_control_gl_account,cdk_vendor_master,LFA1 (General Vendor Master) / LFB1 (Company Code Data),LFB1-AKONT,INFERRED,http://gm.acctmanual.com/misc/gm_acct_manual%20v2-2-1-1.pdf
vendor-master,Vendor Master,vendorStatus,,enum,,vendor_status,cdk_vendor_master,LFA1 (General Vendor Master) / LFB1 (Company Code Data),,UNVERIFIED,
gl-account-master,GL Account Master,accountNumber,,string,,gl_account_number,cdk_gl_account_master,"SKA1 (G/L Account Master, Chart of Accounts) / SKB1 (Company Code Data)",SKA1-SAKNR,DOCUMENTED,http://gm.acctmanual.com/misc/gm_acct_manual%20v2-2-1-1.pdf
gl-account-master,GL Account Master,departmentSuffix,,string,,department_suffix,cdk_gl_account_master,"SKA1 (G/L Account Master, Chart of Accounts) / SKB1 (Company Code Data)","KOSTL (cost center, appended)",DOCUMENTED,http://gm.acctmanual.com/misc/gm_acct_manual%20v2-2-1-1.pdf
gl-account-master,GL Account Master,subAccountLetter,,string,,sub_account_letter,cdk_gl_account_master,"SKA1 (G/L Account Master, Chart of Accounts) / SKB1 (Company Code Data)",,DOCUMENTED,http://gm.acctmanual.com/misc/gm_acct_manual%20v2-2-1-1.pdf
gl-account-master,GL Account Master,accountName,,string,,account_name,cdk_gl_account_master,"SKA1 (G/L Account Master, Chart of Accounts) / SKB1 (Company Code Data)",SKAT-TXT50,DOCUMENTED,http://gm.acctmanual.com/misc/gm_acct_manual%20v2-2-1-1.pdf
gl-account-master,GL Account Master,accountType,,enum,,account_type,cdk_gl_account_master,"SKA1 (G/L Account Master, Chart of Accounts) / SKB1 (Company Code Data)",SKA1-KTOKS (account group analogue),DOCUMENTED,http://gm.acctmanual.com/misc/gm_acct_manual%20v2-2-1-1.pdf
gl-account-master,GL Account Master,normalBalance,,enum,,normal_balance,cdk_gl_account_master,"SKA1 (G/L Account Master, Chart of Accounts) / SKB1 (Company Code Data)",SKB1-MITKZ (analogue),INFERRED,
gl-account-master,GL Account Master,controlAccountFlag,,boolean,,is_control_account,cdk_gl_account_master,"SKA1 (G/L Account Master, Chart of Accounts) / SKB1 (Company Code Data)",SKB1-XMITKZ (recon account indicator),DOCUMENTED,https://digitaldealer.com/news/your-dms-and-schedules/65829/
gl-account-master,GL Account Master,departmentBoundFlag,,boolean,,is_department_bound,cdk_gl_account_master,"SKA1 (G/L Account Master, Chart of Accounts) / SKB1 (Company Code Data)",,INFERRED,http://gm.acctmanual.com/misc/gm_acct_manual%20v2-2-1-1.pdf
gl-account-master,GL Account Master,activeFlag,,boolean,,is_active,cdk_gl_account_master,"SKA1 (G/L Account Master, Chart of Accounts) / SKB1 (Company Code Data)",,UNVERIFIED,
accounting-schedule,Accounting Schedule (Open-Item Subledger),scheduleId,,string,,schedule_id,cdk_accounting_schedule,Reconciliation account open-item subledger (FBL3N / open items behind SKB1-XMITKZ accounts),,INFERRED,https://digitaldealer.com/news/your-dms-and-schedules/65829/
accounting-schedule,Accounting Schedule (Open-Item Subledger),glAccountNumber,,string,,gl_account_number,cdk_accounting_schedule,Reconciliation account open-item subledger (FBL3N / open items behind SKB1-XMITKZ accounts),SKB1-SAKNR (recon account),DOCUMENTED,https://digitaldealer.com/news/your-dms-and-schedules/65829/
accounting-schedule,Accounting Schedule (Open-Item Subledger),controlKeyType,,enum,,control_key_type,cdk_accounting_schedule,Reconciliation account open-item subledger (FBL3N / open items behind SKB1-XMITKZ accounts),,DOCUMENTED,https://digitaldealer.com/news/your-dms-and-schedules/65829/
accounting-schedule,Accounting Schedule (Open-Item Subledger),controlKeyValue,,string,,control_key_value,cdk_accounting_schedule,Reconciliation account open-item subledger (FBL3N / open items behind SKB1-XMITKZ accounts),,DOCUMENTED,https://digitaldealer.com/news/your-dms-and-schedules/65829/
accounting-schedule,Accounting Schedule (Open-Item Subledger),openItemAmount,,decimal,currency,open_item_amount,cdk_accounting_schedule,Reconciliation account open-item subledger (FBL3N / open items behind SKB1-XMITKZ accounts),BSEG amount (analogue),DOCUMENTED,https://digitaldealer.com/news/your-dms-and-schedules/65829/
accounting-schedule,Accounting Schedule (Open-Item Subledger),agingBucket,,enum,,aging_bucket,cdk_accounting_schedule,Reconciliation account open-item subledger (FBL3N / open items behind SKB1-XMITKZ accounts),,DOCUMENTED,https://fortellis-api-documents-prod.s3-us-west-2.amazonaws.com/f83a79c6-8cf9-4c1a-b45e-b266634eaf90/external/20251119155158640--ZuFlj8i.pdf
accounting-schedule,Accounting Schedule (Open-Item Subledger),postingDate,,date,,posting_date,cdk_accounting_schedule,Reconciliation account open-item subledger (FBL3N / open items behind SKB1-XMITKZ accounts),BSEG-BUDAT,DOCUMENTED,https://digitaldealer.com/news/your-dms-and-schedules/65829/
accounting-schedule,Accounting Schedule (Open-Item Subledger),scheduleType,,enum,,schedule_type,cdk_accounting_schedule,Reconciliation account open-item subledger (FBL3N / open items behind SKB1-XMITKZ accounts),,DOCUMENTED,http://gm.acctmanual.com/misc/gm_acct_manual%20v2-2-1-1.pdf
accounting-schedule,Accounting Schedule (Open-Item Subledger),scheduleIndexLegacy,,enum,,schedule_index_legacy,cdk_accounting_schedule,Reconciliation account open-item subledger (FBL3N / open items behind SKB1-XMITKZ accounts),,UNVERIFIED,
accounting-schedule,Accounting Schedule (Open-Item Subledger),closedFlag,,boolean,,is_closed,cdk_accounting_schedule,Reconciliation account open-item subledger (FBL3N / open items behind SKB1-XMITKZ accounts),,INFERRED,
gl-journal-posting,GL Journal Posting,documentNumber,,string,,document_number,cdk_gl_journal_posting,BKPF (Accounting Document Header) / BSEG (Accounting Document Segment),BKPF-BELNR,INFERRED,
gl-journal-posting,GL Journal Posting,journalNumber,,string,,journal_number,cdk_gl_journal_posting,BKPF (Accounting Document Header) / BSEG (Accounting Document Segment),BKPF-BELNR (journal-level),INFERRED,
gl-journal-posting,GL Journal Posting,journalType,,enum,,journal_type,cdk_gl_journal_posting,BKPF (Accounting Document Header) / BSEG (Accounting Document Segment),BKPF-BLART (document type analogue),DOCUMENTED,http://gm.acctmanual.com/misc/gm_acct_manual%20v2-2-1-1.pdf
gl-journal-posting,GL Journal Posting,glAccountNumber,,string,,gl_account_number,cdk_gl_journal_posting,BKPF (Accounting Document Header) / BSEG (Accounting Document Segment),BSEG-HKONT,INFERRED,
gl-journal-posting,GL Journal Posting,scheduleField,,string,,schedule_field,cdk_gl_journal_posting,BKPF (Accounting Document Header) / BSEG (Accounting Document Segment),,INFERRED,
gl-journal-posting,GL Journal Posting,adjustToGlAccount,,string,,adjust_to_gl_account,cdk_gl_journal_posting,BKPF (Accounting Document Header) / BSEG (Accounting Document Segment),,INFERRED,
gl-journal-posting,GL Journal Posting,postingDate,,date,,posting_date,cdk_gl_journal_posting,BKPF (Accounting Document Header) / BSEG (Accounting Document Segment),BKPF-BUDAT,INFERRED,
gl-journal-posting,GL Journal Posting,debitAmount,,decimal,currency,debit_amount,cdk_gl_journal_posting,BKPF (Accounting Document Header) / BSEG (Accounting Document Segment),BSEG-DMBTR (debit),INFERRED,
gl-journal-posting,GL Journal Posting,creditAmount,,decimal,currency,credit_amount,cdk_gl_journal_posting,BKPF (Accounting Document Header) / BSEG (Accounting Document Segment),BSEG-DMBTR (credit),INFERRED,
gl-journal-posting,GL Journal Posting,wipEndpointUsed,,enum,,wip_endpoint_used,cdk_gl_journal_posting,BKPF (Accounting Document Header) / BSEG (Accounting Document Segment),,DOCUMENTED,https://community.fortellis.io/community/forum/qa/api-integration-response-errors
gl-journal-posting,GL Journal Posting,sourceModule,,enum,,source_module,cdk_gl_journal_posting,BKPF (Accounting Document Header) / BSEG (Accounting Document Segment),,INFERRED,
repair-order,Repair Order,data[].roNumber,,string,,ro_number,cdk_repair_order,AUFK (Order Master) / CO Internal Order — closest SAP analogue for a service work order,AUFK-AUFNR (order number analogue),DOCUMENTED,https://fortellis-api-documents-prod.s3-us-west-2.amazonaws.com/cf3e1079-e617-4e4d-acd0-21e991f60408/external/20251117202238328-ze9Edh5W.pdf
repair-order,Repair Order,data[].hostItemId,,string,,host_item_id,cdk_repair_order,AUFK (Order Master) / CO Internal Order — closest SAP analogue for a service work order,,DOCUMENTED,https://fortellis-api-documents-prod.s3-us-west-2.amazonaws.com/cf3e1079-e617-4e4d-acd0-21e991f60408/external/20251117202238328-ze9Edh5W.pdf
repair-order,Repair Order,data[].statusCode,,string,,status_code,cdk_repair_order,AUFK (Order Master) / CO Internal Order — closest SAP analogue for a service work order,,DOCUMENTED,https://fortellis-api-documents-prod.s3-us-west-2.amazonaws.com/cf3e1079-e617-4e4d-acd0-21e991f60408/external/20251117202238328-ze9Edh5W.pdf
repair-order,Repair Order,data[].statusDesc,,string,,status_desc,cdk_repair_order,AUFK (Order Master) / CO Internal Order — closest SAP analogue for a service work order,,DOCUMENTED,https://fortellis-api-documents-prod.s3-us-west-2.amazonaws.com/cf3e1079-e617-4e4d-acd0-21e991f60408/external/20251117202238328-ze9Edh5W.pdf
repair-order,Repair Order,data[].roLifecycleState,,enum,,ro_lifecycle_state,cdk_repair_order,AUFK (Order Master) / CO Internal Order — closest SAP analogue for a service work order,,DOCUMENTED,https://fortellis-api-documents-prod.s3-us-west-2.amazonaws.com/cf3e1079-e617-4e4d-acd0-21e991f60408/external/20251117202238328-ze9Edh5W.pdf
repair-order,Repair Order,data[].hasCustPayFlag,,boolean,,has_cust_pay_flag,cdk_repair_order,AUFK (Order Master) / CO Internal Order — closest SAP analogue for a service work order,,DOCUMENTED,https://fortellis-api-documents-prod.s3-us-west-2.amazonaws.com/cf3e1079-e617-4e4d-acd0-21e991f60408/external/20251117202238328-ze9Edh5W.pdf
repair-order,Repair Order,data[].hasIntPayFlag,,boolean,,has_int_pay_flag,cdk_repair_order,AUFK (Order Master) / CO Internal Order — closest SAP analogue for a service work order,,DOCUMENTED,https://fortellis-api-documents-prod.s3-us-west-2.amazonaws.com/cf3e1079-e617-4e4d-acd0-21e991f60408/external/20251117202238328-ze9Edh5W.pdf
repair-order,Repair Order,data[].hasWarrPayFlag,,boolean,,has_warr_pay_flag,cdk_repair_order,AUFK (Order Master) / CO Internal Order — closest SAP analogue for a service work order,,DOCUMENTED,https://fortellis-api-documents-prod.s3-us-west-2.amazonaws.com/cf3e1079-e617-4e4d-acd0-21e991f60408/external/20251117202238328-ze9Edh5W.pdf
repair-order,Repair Order,data[].serviceAdvisor,,integer,,service_advisor_number,cdk_repair_order,AUFK (Order Master) / CO Internal Order — closest SAP analogue for a service work order,,DOCUMENTED,https://fortellis-api-documents-prod.s3-us-west-2.amazonaws.com/cf3e1079-e617-4e4d-acd0-21e991f60408/external/20251117202238328-ze9Edh5W.pdf
repair-order,Repair Order,data[].cashier,,string,,cashier_id,cdk_repair_order,AUFK (Order Master) / CO Internal Order — closest SAP analogue for a service work order,,DOCUMENTED,https://fortellis-api-documents-prod.s3-us-west-2.amazonaws.com/cf3e1079-e617-4e4d-acd0-21e991f60408/external/20251117202238328-ze9Edh5W.pdf
repair-order,Repair Order,data[].bookerNo,,integer,,booker_number,cdk_repair_order,AUFK (Order Master) / CO Internal Order — closest SAP analogue for a service work order,,DOCUMENTED,https://fortellis-api-documents-prod.s3-us-west-2.amazonaws.com/cf3e1079-e617-4e4d-acd0-21e991f60408/external/20251117202238328-ze9Edh5W.pdf
repair-order,Repair Order,data[].customer.custId,,string,,customer_id,cdk_repair_order,AUFK (Order Master) / CO Internal Order — closest SAP analogue for a service work order,,DOCUMENTED,https://fortellis-api-documents-prod.s3-us-west-2.amazonaws.com/cf3e1079-e617-4e4d-acd0-21e991f60408/external/20251117202238328-ze9Edh5W.pdf
repair-order,Repair Order,data[].customer.name1,,string,,customer_name1,cdk_repair_order,AUFK (Order Master) / CO Internal Order — closest SAP analogue for a service work order,,DOCUMENTED,https://fortellis-api-documents-prod.s3-us-west-2.amazonaws.com/cf3e1079-e617-4e4d-acd0-21e991f60408/external/20251117202238328-ze9Edh5W.pdf
repair-order,Repair Order,data[].customer.address.addressLine1,,string,,customer_address_line1,cdk_repair_order,AUFK (Order Master) / CO Internal Order — closest SAP analogue for a service work order,,DOCUMENTED,https://fortellis-api-documents-prod.s3-us-west-2.amazonaws.com/cf3e1079-e617-4e4d-acd0-21e991f60408/external/20251117202238328-ze9Edh5W.pdf
repair-order,Repair Order,data[].customer.phoneNumbers[].description,,enum,,customer_phone_type,cdk_repair_order,AUFK (Order Master) / CO Internal Order — closest SAP analogue for a service work order,,DOCUMENTED,https://fortellis-api-documents-prod.s3-us-west-2.amazonaws.com/cf3e1079-e617-4e4d-acd0-21e991f60408/external/20251117202238328-ze9Edh5W.pdf
repair-order,Repair Order,data[].vehicle.vin,,string,,vehicle_vin,cdk_repair_order,AUFK (Order Master) / CO Internal Order — closest SAP analogue for a service work order,,DOCUMENTED,https://fortellis-api-documents-prod.s3-us-west-2.amazonaws.com/cf3e1079-e617-4e4d-acd0-21e991f60408/external/20251117202238328-ze9Edh5W.pdf
repair-order,Repair Order,data[].vehicle.vehId,,string,,vehicle_id,cdk_repair_order,AUFK (Order Master) / CO Internal Order — closest SAP analogue for a service work order,,DOCUMENTED,https://fortellis-api-documents-prod.s3-us-west-2.amazonaws.com/cf3e1079-e617-4e4d-acd0-21e991f60408/external/20251117202238328-ze9Edh5W.pdf
repair-order,Repair Order,data[].mileage,,integer,quantity,mileage_in,cdk_repair_order,AUFK (Order Master) / CO Internal Order — closest SAP analogue for a service work order,,DOCUMENTED,https://fortellis-api-documents-prod.s3-us-west-2.amazonaws.com/cf3e1079-e617-4e4d-acd0-21e991f60408/external/20251117202238328-ze9Edh5W.pdf
repair-order,Repair Order,data[].mileageOut,,integer,quantity,mileage_out,cdk_repair_order,AUFK (Order Master) / CO Internal Order — closest SAP analogue for a service work order,,DOCUMENTED,https://fortellis-api-documents-prod.s3-us-west-2.amazonaws.com/cf3e1079-e617-4e4d-acd0-21e991f60408/external/20251117202238328-ze9Edh5W.pdf
repair-order,Repair Order,data[].mileageLastVisit,,integer,quantity,mileage_last_visit,cdk_repair_order,AUFK (Order Master) / CO Internal Order — closest SAP analogue for a service work order,,DOCUMENTED,https://fortellis-api-documents-prod.s3-us-west-2.amazonaws.com/cf3e1079-e617-4e4d-acd0-21e991f60408/external/20251117202238328-ze9Edh5W.pdf
repair-order,Repair Order,data[].tagNo,,string,,tag_number,cdk_repair_order,AUFK (Order Master) / CO Internal Order — closest SAP analogue for a service work order,,DOCUMENTED,https://fortellis-api-documents-prod.s3-us-west-2.amazonaws.com/cf3e1079-e617-4e4d-acd0-21e991f60408/external/20251117202238328-ze9Edh5W.pdf
repair-order,Repair Order,data[].openDate,,date,,open_date,cdk_repair_order,AUFK (Order Master) / CO Internal Order — closest SAP analogue for a service work order,,DOCUMENTED,https://fortellis-api-documents-prod.s3-us-west-2.amazonaws.com/cf3e1079-e617-4e4d-acd0-21e991f60408/external/20251117202238328-ze9Edh5W.pdf
repair-order,Repair Order,data[].openTime,,time,,open_time,cdk_repair_order,AUFK (Order Master) / CO Internal Order — closest SAP analogue for a service work order,,DOCUMENTED,https://fortellis-api-documents-prod.s3-us-west-2.amazonaws.com/cf3e1079-e617-4e4d-acd0-21e991f60408/external/20251117202238328-ze9Edh5W.pdf
repair-order,Repair Order,data[].closedDate,,date,,closed_date,cdk_repair_order,AUFK (Order Master) / CO Internal Order — closest SAP analogue for a service work order,,DOCUMENTED,https://fortellis-api-documents-prod.s3-us-west-2.amazonaws.com/cf3e1079-e617-4e4d-acd0-21e991f60408/external/20251117202238328-ze9Edh5W.pdf
repair-order,Repair Order,data[].postedDate,,date,,posted_date,cdk_repair_order,AUFK (Order Master) / CO Internal Order — closest SAP analogue for a service work order,,DOCUMENTED,https://fortellis-api-documents-prod.s3-us-west-2.amazonaws.com/cf3e1079-e617-4e4d-acd0-21e991f60408/external/20251117202238328-ze9Edh5W.pdf
repair-order,Repair Order,data[].voidedDate,,date,,voided_date,cdk_repair_order,AUFK (Order Master) / CO Internal Order — closest SAP analogue for a service work order,,DOCUMENTED,https://fortellis-api-documents-prod.s3-us-west-2.amazonaws.com/cf3e1079-e617-4e4d-acd0-21e991f60408/external/20251117202238328-ze9Edh5W.pdf
repair-order,Repair Order,data[].bookedDate,,date,,booked_date,cdk_repair_order,AUFK (Order Master) / CO Internal Order — closest SAP analogue for a service work order,,DOCUMENTED,https://fortellis-api-documents-prod.s3-us-west-2.amazonaws.com/cf3e1079-e617-4e4d-acd0-21e991f60408/external/20251117202238328-ze9Edh5W.pdf
repair-order,Repair Order,data[].bookedTime,,time,,booked_time,cdk_repair_order,AUFK (Order Master) / CO Internal Order — closest SAP analogue for a service work order,,DOCUMENTED,https://fortellis-api-documents-prod.s3-us-west-2.amazonaws.com/cf3e1079-e617-4e4d-acd0-21e991f60408/external/20251117202238328-ze9Edh5W.pdf
repair-order,Repair Order,data[].apptDate,,date,,appointment_date,cdk_repair_order,AUFK (Order Master) / CO Internal Order — closest SAP analogue for a service work order,,DOCUMENTED,https://fortellis-api-documents-prod.s3-us-west-2.amazonaws.com/cf3e1079-e617-4e4d-acd0-21e991f60408/external/20251117202238328-ze9Edh5W.pdf
repair-order,Repair Order,data[].apptTime,,time,,appointment_time,cdk_repair_order,AUFK (Order Master) / CO Internal Order — closest SAP analogue for a service work order,,DOCUMENTED,https://fortellis-api-documents-prod.s3-us-west-2.amazonaws.com/cf3e1079-e617-4e4d-acd0-21e991f60408/external/20251117202238328-ze9Edh5W.pdf
repair-order,Repair Order,data[].apptFlag,,boolean,,originated_from_appointment,cdk_repair_order,AUFK (Order Master) / CO Internal Order — closest SAP analogue for a service work order,,DOCUMENTED,https://fortellis-api-documents-prod.s3-us-west-2.amazonaws.com/cf3e1079-e617-4e4d-acd0-21e991f60408/external/20251117202238328-ze9Edh5W.pdf
repair-order,Repair Order,data[].rapApptID,,integer,,appointment_id,cdk_repair_order,AUFK (Order Master) / CO Internal Order — closest SAP analogue for a service work order,,DOCUMENTED,https://fortellis-api-documents-prod.s3-us-west-2.amazonaws.com/cf3e1079-e617-4e4d-acd0-21e991f60408/external/20251117202238328-ze9Edh5W.pdf
repair-order,Repair Order,data[].promisedDate,,date,,promised_date,cdk_repair_order,AUFK (Order Master) / CO Internal Order — closest SAP analogue for a service work order,,DOCUMENTED,https://fortellis-api-documents-prod.s3-us-west-2.amazonaws.com/cf3e1079-e617-4e4d-acd0-21e991f60408/external/20251117202238328-ze9Edh5W.pdf
repair-order,Repair Order,data[].promisedTime,,time,,promised_time,cdk_repair_order,AUFK (Order Master) / CO Internal Order — closest SAP analogue for a service work order,,DOCUMENTED,https://fortellis-api-documents-prod.s3-us-west-2.amazonaws.com/cf3e1079-e617-4e4d-acd0-21e991f60408/external/20251117202238328-ze9Edh5W.pdf
repair-order,Repair Order,data[].origPromisedDate,,date,,original_promised_date,cdk_repair_order,AUFK (Order Master) / CO Internal Order — closest SAP analogue for a service work order,,DOCUMENTED,https://fortellis-api-documents-prod.s3-us-west-2.amazonaws.com/cf3e1079-e617-4e4d-acd0-21e991f60408/external/20251117202238328-ze9Edh5W.pdf
repair-order,Repair Order,data[].origPromisedTime,,time,,original_promised_time,cdk_repair_order,AUFK (Order Master) / CO Internal Order — closest SAP analogue for a service work order,,DOCUMENTED,https://fortellis-api-documents-prod.s3-us-west-2.amazonaws.com/cf3e1079-e617-4e4d-acd0-21e991f60408/external/20251117202238328-ze9Edh5W.pdf
repair-order,Repair Order,data[].estimatedCompletionDate,,date,,estimated_completion_date,cdk_repair_order,AUFK (Order Master) / CO Internal Order — closest SAP analogue for a service work order,,DOCUMENTED,https://fortellis-api-documents-prod.s3-us-west-2.amazonaws.com/cf3e1079-e617-4e4d-acd0-21e991f60408/external/20251117202238328-ze9Edh5W.pdf
repair-order,Repair Order,data[].estimatedCompletionTime,,time,,estimated_completion_time,cdk_repair_order,AUFK (Order Master) / CO Internal Order — closest SAP analogue for a service work order,,DOCUMENTED,https://fortellis-api-documents-prod.s3-us-west-2.amazonaws.com/cf3e1079-e617-4e4d-acd0-21e991f60408/external/20251117202238328-ze9Edh5W.pdf
repair-order,Repair Order,data[].lastServiceDate,,date,,last_service_date,cdk_repair_order,AUFK (Order Master) / CO Internal Order — closest SAP analogue for a service work order,,DOCUMENTED,https://fortellis-api-documents-prod.s3-us-west-2.amazonaws.com/cf3e1079-e617-4e4d-acd0-21e991f60408/external/20251117202238328-ze9Edh5W.pdf
repair-order,Repair Order,data[].addOnFlag,,boolean,,add_on_flag,cdk_repair_order,AUFK (Order Master) / CO Internal Order — closest SAP analogue for a service work order,,DOCUMENTED,https://fortellis-api-documents-prod.s3-us-west-2.amazonaws.com/cf3e1079-e617-4e4d-acd0-21e991f60408/external/20251117202238328-ze9Edh5W.pdf
repair-order,Repair Order,data[].comebackFlag,,boolean,,comeback_flag,cdk_repair_order,AUFK (Order Master) / CO Internal Order — closest SAP analogue for a service work order,,DOCUMENTED,https://fortellis-api-documents-prod.s3-us-west-2.amazonaws.com/cf3e1079-e617-4e4d-acd0-21e991f60408/external/20251117202238328-ze9Edh5W.pdf
repair-order,Repair Order,data[].rentalFlag,,boolean,,rental_flag,cdk_repair_order,AUFK (Order Master) / CO Internal Order — closest SAP analogue for a service work order,,DOCUMENTED,https://fortellis-api-documents-prod.s3-us-west-2.amazonaws.com/cf3e1079-e617-4e4d-acd0-21e991f60408/external/20251117202238328-ze9Edh5W.pdf
repair-order,Repair Order,data[].isCustomerWaiting,,boolean,,is_customer_waiting,cdk_repair_order,AUFK (Order Master) / CO Internal Order — closest SAP analogue for a service work order,,DOCUMENTED,https://fortellis-api-documents-prod.s3-us-west-2.amazonaws.com/cf3e1079-e617-4e4d-acd0-21e991f60408/external/20251117202238328-ze9Edh5W.pdf
repair-order,Repair Order,data[].isOrigWaiter,,boolean,,is_orig_waiter,cdk_repair_order,AUFK (Order Master) / CO Internal Order — closest SAP analogue for a service work order,,DOCUMENTED,https://fortellis-api-documents-prod.s3-us-west-2.amazonaws.com/cf3e1079-e617-4e4d-acd0-21e991f60408/external/20251117202238328-ze9Edh5W.pdf
repair-order,Repair Order,data[].isSoldByDealer,,boolean,,is_sold_by_dealer,cdk_repair_order,AUFK (Order Master) / CO Internal Order — closest SAP analogue for a service work order,,DOCUMENTED,https://fortellis-api-documents-prod.s3-us-west-2.amazonaws.com/cf3e1079-e617-4e4d-acd0-21e991f60408/external/20251117202238328-ze9Edh5W.pdf
repair-order,Repair Order,data[].isSpecialCustomer,,boolean,,is_special_customer,cdk_repair_order,AUFK (Order Master) / CO Internal Order — closest SAP analogue for a service work order,,DOCUMENTED,https://fortellis-api-documents-prod.s3-us-west-2.amazonaws.com/cf3e1079-e617-4e4d-acd0-21e991f60408/external/20251117202238328-ze9Edh5W.pdf
repair-order,Repair Order,data[].blockAutoMsg,,boolean,,block_auto_msg,cdk_repair_order,AUFK (Order Master) / CO Internal Order — closest SAP analogue for a service work order,,DOCUMENTED,https://fortellis-api-documents-prod.s3-us-west-2.amazonaws.com/cf3e1079-e617-4e4d-acd0-21e991f60408/external/20251117202238328-ze9Edh5W.pdf
repair-order,Repair Order,data[].comments,,string,,comments,cdk_repair_order,AUFK (Order Master) / CO Internal Order — closest SAP analogue for a service work order,,DOCUMENTED,https://fortellis-api-documents-prod.s3-us-west-2.amazonaws.com/cf3e1079-e617-4e4d-acd0-21e991f60408/external/20251117202238328-ze9Edh5W.pdf
repair-order,Repair Order,data[].remarks,,string,,remarks,cdk_repair_order,AUFK (Order Master) / CO Internal Order — closest SAP analogue for a service work order,,DOCUMENTED,https://fortellis-api-documents-prod.s3-us-west-2.amazonaws.com/cf3e1079-e617-4e4d-acd0-21e991f60408/external/20251117202238328-ze9Edh5W.pdf
repair-order,Repair Order,data[].contactEmailAddress,,string,,contact_email_address,cdk_repair_order,AUFK (Order Master) / CO Internal Order — closest SAP analogue for a service work order,,DOCUMENTED,https://fortellis-api-documents-prod.s3-us-west-2.amazonaws.com/cf3e1079-e617-4e4d-acd0-21e991f60408/external/20251117202238328-ze9Edh5W.pdf
repair-order,Repair Order,data[].contactPhoneNumber,,string,,contact_phone_number,cdk_repair_order,AUFK (Order Master) / CO Internal Order — closest SAP analogue for a service work order,,DOCUMENTED,https://fortellis-api-documents-prod.s3-us-west-2.amazonaws.com/cf3e1079-e617-4e4d-acd0-21e991f60408/external/20251117202238328-ze9Edh5W.pdf
repair-order,Repair Order,data[].purchaseOrderNo,,string,,purchase_order_number,cdk_repair_order,AUFK (Order Master) / CO Internal Order — closest SAP analogue for a service work order,,DOCUMENTED,https://fortellis-api-documents-prod.s3-us-west-2.amazonaws.com/cf3e1079-e617-4e4d-acd0-21e991f60408/external/20251117202238328-ze9Edh5W.pdf
repair-order,Repair Order,data[].priorityValue,,integer,,priority_value,cdk_repair_order,AUFK (Order Master) / CO Internal Order — closest SAP analogue for a service work order,,DOCUMENTED,https://fortellis-api-documents-prod.s3-us-west-2.amazonaws.com/cf3e1079-e617-4e4d-acd0-21e991f60408/external/20251117202238328-ze9Edh5W.pdf
repair-order,Repair Order,data[].payBalanceDue,,decimal,currency,pay_balance_due,cdk_repair_order,AUFK (Order Master) / CO Internal Order — closest SAP analogue for a service work order,,DOCUMENTED,https://fortellis-api-documents-prod.s3-us-west-2.amazonaws.com/cf3e1079-e617-4e4d-acd0-21e991f60408/external/20251117202238328-ze9Edh5W.pdf
repair-order,Repair Order,data[].payCPTotal,,decimal,currency,pay_cp_total,cdk_repair_order,AUFK (Order Master) / CO Internal Order — closest SAP analogue for a service work order,,DOCUMENTED,https://fortellis-api-documents-prod.s3-us-west-2.amazonaws.com/cf3e1079-e617-4e4d-acd0-21e991f60408/external/20251117202238328-ze9Edh5W.pdf
repair-order,Repair Order,data[].totalPaymentMade,,integer,currency,total_payment_made,cdk_repair_order,AUFK (Order Master) / CO Internal Order — closest SAP analogue for a service work order,,DOCUMENTED,https://fortellis-api-documents-prod.s3-us-west-2.amazonaws.com/cf3e1079-e617-4e4d-acd0-21e991f60408/external/20251117202238328-ze9Edh5W.pdf
repair-order,Repair Order,data[].payments[].code,,string,,payment_type_code,cdk_repair_order,AUFK (Order Master) / CO Internal Order — closest SAP analogue for a service work order,,DOCUMENTED,https://fortellis-api-documents-prod.s3-us-west-2.amazonaws.com/cf3e1079-e617-4e4d-acd0-21e991f60408/external/20251117202238328-ze9Edh5W.pdf
repair-order,Repair Order,data[].payments[].insuranceFlag,,boolean,,payment_by_insurance_flag,cdk_repair_order,AUFK (Order Master) / CO Internal Order — closest SAP analogue for a service work order,,DOCUMENTED,https://fortellis-api-documents-prod.s3-us-west-2.amazonaws.com/cf3e1079-e617-4e4d-acd0-21e991f60408/external/20251117202238328-ze9Edh5W.pdf
repair-order,Repair Order,data[].payments[].paymentAmount,,decimal,currency,payment_amount,cdk_repair_order,AUFK (Order Master) / CO Internal Order — closest SAP analogue for a service work order,,DOCUMENTED,https://fortellis-api-documents-prod.s3-us-west-2.amazonaws.com/cf3e1079-e617-4e4d-acd0-21e991f60408/external/20251117202238328-ze9Edh5W.pdf
repair-order,Repair Order,data[].totals[].payType,,enum,,pay_type_code,cdk_repair_order,AUFK (Order Master) / CO Internal Order — closest SAP analogue for a service work order,AUFK-AUART (order type analogue),DOCUMENTED,https://www.leonardbus.com/wp-content/uploads/2022/03/SERVICE-TYPE-REFERENCE-v3-3-2022.pdf
repair-order,Repair Order,data[].totals[].roSale,,decimal,currency,ro_total_sale,cdk_repair_order,AUFK (Order Master) / CO Internal Order — closest SAP analogue for a service work order,,DOCUMENTED,https://fortellis-api-documents-prod.s3-us-west-2.amazonaws.com/cf3e1079-e617-4e4d-acd0-21e991f60408/external/20251117202238328-ze9Edh5W.pdf
repair-order,Repair Order,data[].totals[].roCost,,decimal,currency,ro_total_cost,cdk_repair_order,AUFK (Order Master) / CO Internal Order — closest SAP analogue for a service work order,,DOCUMENTED,https://fortellis-api-documents-prod.s3-us-west-2.amazonaws.com/cf3e1079-e617-4e4d-acd0-21e991f60408/external/20251117202238328-ze9Edh5W.pdf
repair-order,Repair Order,data[].totals[].roTax,,decimal,currency,ro_total_tax,cdk_repair_order,AUFK (Order Master) / CO Internal Order — closest SAP analogue for a service work order,,DOCUMENTED,https://fortellis-api-documents-prod.s3-us-west-2.amazonaws.com/cf3e1079-e617-4e4d-acd0-21e991f60408/external/20251117202238328-ze9Edh5W.pdf
repair-order,Repair Order,data[].totals[].roSalePostDed,,decimal,currency,ro_sale_post_deductible,cdk_repair_order,AUFK (Order Master) / CO Internal Order — closest SAP analogue for a service work order,,DOCUMENTED,https://fortellis-api-documents-prod.s3-us-west-2.amazonaws.com/cf3e1079-e617-4e4d-acd0-21e991f60408/external/20251117202238328-ze9Edh5W.pdf
repair-order,Repair Order,data[].totals[].laborSale,,decimal,currency,total_labor_sale,cdk_repair_order,AUFK (Order Master) / CO Internal Order — closest SAP analogue for a service work order,,DOCUMENTED,https://fortellis-api-documents-prod.s3-us-west-2.amazonaws.com/cf3e1079-e617-4e4d-acd0-21e991f60408/external/20251117202238328-ze9Edh5W.pdf
repair-order,Repair Order,data[].totals[].partsSale,,decimal,currency,total_parts_sale,cdk_repair_order,AUFK (Order Master) / CO Internal Order — closest SAP analogue for a service work order,,DOCUMENTED,https://fortellis-api-documents-prod.s3-us-west-2.amazonaws.com/cf3e1079-e617-4e4d-acd0-21e991f60408/external/20251117202238328-ze9Edh5W.pdf
repair-order,Repair Order,data[].totals[].subletSale,,decimal,currency,total_sublet_sale,cdk_repair_order,AUFK (Order Master) / CO Internal Order — closest SAP analogue for a service work order,,DOCUMENTED,https://fortellis-api-documents-prod.s3-us-west-2.amazonaws.com/cf3e1079-e617-4e4d-acd0-21e991f60408/external/20251117202238328-ze9Edh5W.pdf
repair-order,Repair Order,data[].totals[].receivableTarget,,enum,,receivable_routing_target,cdk_repair_order,AUFK (Order Master) / CO Internal Order — closest SAP analogue for a service work order,,DOCUMENTED,https://www.leonardbus.com/wp-content/uploads/2022/03/SERVICE-TYPE-REFERENCE-v3-3-2022.pdf
repair-order,Repair Order,data[].deductibles[].actualAmount,,decimal,currency,deductible_actual_amount,cdk_repair_order,AUFK (Order Master) / CO Internal Order — closest SAP analogue for a service work order,,DOCUMENTED,https://fortellis-api-documents-prod.s3-us-west-2.amazonaws.com/cf3e1079-e617-4e4d-acd0-21e991f60408/external/20251117202238328-ze9Edh5W.pdf
repair-order,Repair Order,data[].deductibles[].maximumAmount,,decimal,currency,deductible_maximum_amount,cdk_repair_order,AUFK (Order Master) / CO Internal Order — closest SAP analogue for a service work order,,DOCUMENTED,https://fortellis-api-documents-prod.s3-us-west-2.amazonaws.com/cf3e1079-e617-4e4d-acd0-21e991f60408/external/20251117202238328-ze9Edh5W.pdf
repair-order,Repair Order,data[].mls.subletCost,,decimal,currency,mls_sublet_cost,cdk_repair_order,AUFK (Order Master) / CO Internal Order — closest SAP analogue for a service work order,,DOCUMENTED,https://fortellis-api-documents-prod.s3-us-west-2.amazonaws.com/cf3e1079-e617-4e4d-acd0-21e991f60408/external/20251117202238328-ze9Edh5W.pdf
repair-order,Repair Order,data[].mls.subletPrice,,decimal,currency,mls_sublet_price,cdk_repair_order,AUFK (Order Master) / CO Internal Order — closest SAP analogue for a service work order,,DOCUMENTED,https://fortellis-api-documents-prod.s3-us-west-2.amazonaws.com/cf3e1079-e617-4e4d-acd0-21e991f60408/external/20251117202238328-ze9Edh5W.pdf
repair-order,Repair Order,data[].mls.gogCost,,decimal,currency,mls_lube_cost,cdk_repair_order,AUFK (Order Master) / CO Internal Order — closest SAP analogue for a service work order,,DOCUMENTED,https://fortellis-api-documents-prod.s3-us-west-2.amazonaws.com/cf3e1079-e617-4e4d-acd0-21e991f60408/external/20251117202238328-ze9Edh5W.pdf
repair-order,Repair Order,data[].mls.opCode,,string,,mls_op_code,cdk_repair_order,AUFK (Order Master) / CO Internal Order — closest SAP analogue for a service work order,,DOCUMENTED,https://fortellis-api-documents-prod.s3-us-west-2.amazonaws.com/cf3e1079-e617-4e4d-acd0-21e991f60408/external/20251117202238328-ze9Edh5W.pdf
ro-labour-line,Repair Order Labour Line,data[].roNumber,,string,,ro_number,cdk_ro_labour_line,AFVC (Operation within an Order) / CATSDB (time confirmation),AUFK-AUFNR,DOCUMENTED,https://apidocs.fortellis.io/
ro-labour-line,Repair Order Labour Line,data[].operations[].line.lineCode,,string,,line_code,cdk_ro_labour_line,AFVC (Operation within an Order) / CATSDB (time confirmation),,DOCUMENTED,https://fortellis-api-documents-prod.s3-us-west-2.amazonaws.com/cf3e1079-e617-4e4d-acd0-21e991f60408/external/20251117202238328-ze9Edh5W.pdf
ro-labour-line,Repair Order Labour Line,data[].operations[].line.statusCode,,string,,line_status_code,cdk_ro_labour_line,AFVC (Operation within an Order) / CATSDB (time confirmation),,DOCUMENTED,https://fortellis-api-documents-prod.s3-us-west-2.amazonaws.com/cf3e1079-e617-4e4d-acd0-21e991f60408/external/20251117202238328-ze9Edh5W.pdf
ro-labour-line,Repair Order Labour Line,data[].operations[].line.statusDesc,,string,,line_status_desc,cdk_ro_labour_line,AFVC (Operation within an Order) / CATSDB (time confirmation),,DOCUMENTED,https://fortellis-api-documents-prod.s3-us-west-2.amazonaws.com/cf3e1079-e617-4e4d-acd0-21e991f60408/external/20251117202238328-ze9Edh5W.pdf
ro-labour-line,Repair Order Labour Line,data[].operations[].line.complaintCode,,string,,complaint_code,cdk_ro_labour_line,AFVC (Operation within an Order) / CATSDB (time confirmation),,DOCUMENTED,https://fortellis-api-documents-prod.s3-us-west-2.amazonaws.com/cf3e1079-e617-4e4d-acd0-21e991f60408/external/20251117202238328-ze9Edh5W.pdf
ro-labour-line,Repair Order Labour Line,data[].operations[].line.cause,,string,,cause,cdk_ro_labour_line,AFVC (Operation within an Order) / CATSDB (time confirmation),,DOCUMENTED,https://fortellis-api-documents-prod.s3-us-west-2.amazonaws.com/cf3e1079-e617-4e4d-acd0-21e991f60408/external/20251117202238328-ze9Edh5W.pdf
ro-labour-line,Repair Order Labour Line,data[].operations[].line.serviceRequest,,string,,service_request_text,cdk_ro_labour_line,AFVC (Operation within an Order) / CATSDB (time confirmation),,DOCUMENTED,https://fortellis-api-documents-prod.s3-us-west-2.amazonaws.com/cf3e1079-e617-4e4d-acd0-21e991f60408/external/20251117202238328-ze9Edh5W.pdf
ro-labour-line,Repair Order Labour Line,data[].operations[].line.dispatchCode,,string,,dispatch_code,cdk_ro_labour_line,AFVC (Operation within an Order) / CATSDB (time confirmation),,DOCUMENTED,https://fortellis-api-documents-prod.s3-us-west-2.amazonaws.com/cf3e1079-e617-4e4d-acd0-21e991f60408/external/20251117202238328-ze9Edh5W.pdf
ro-labour-line,Repair Order Labour Line,data[].operations[].line.campaignCode,,string,,campaign_code,cdk_ro_labour_line,AFVC (Operation within an Order) / CATSDB (time confirmation),,DOCUMENTED,https://fortellis-api-documents-prod.s3-us-west-2.amazonaws.com/cf3e1079-e617-4e4d-acd0-21e991f60408/external/20251117202238328-ze9Edh5W.pdf
ro-labour-line,Repair Order Labour Line,data[].operations[].line.comebackFlag,,boolean,,line_comeback_flag,cdk_ro_labour_line,AFVC (Operation within an Order) / CATSDB (time confirmation),,DOCUMENTED,https://fortellis-api-documents-prod.s3-us-west-2.amazonaws.com/cf3e1079-e617-4e4d-acd0-21e991f60408/external/20251117202238328-ze9Edh5W.pdf
ro-labour-line,Repair Order Labour Line,data[].operations[].line.addOnFlag,,boolean,,line_add_on_flag,cdk_ro_labour_line,AFVC (Operation within an Order) / CATSDB (time confirmation),,DOCUMENTED,https://fortellis-api-documents-prod.s3-us-west-2.amazonaws.com/cf3e1079-e617-4e4d-acd0-21e991f60408/external/20251117202238328-ze9Edh5W.pdf
ro-labour-line,Repair Order Labour Line,data[].operations[].line.actualWork,,decimal,hours,actual_work_hours,cdk_ro_labour_line,AFVC (Operation within an Order) / CATSDB (time confirmation),,DOCUMENTED,https://fortellis-api-documents-prod.s3-us-west-2.amazonaws.com/cf3e1079-e617-4e4d-acd0-21e991f60408/external/20251117202238328-ze9Edh5W.pdf
ro-labour-line,Repair Order Labour Line,data[].operations[].line.estimatedDuration,,decimal,hours,estimated_duration_hours,cdk_ro_labour_line,AFVC (Operation within an Order) / CATSDB (time confirmation),,DOCUMENTED,https://fortellis-api-documents-prod.s3-us-west-2.amazonaws.com/cf3e1079-e617-4e4d-acd0-21e991f60408/external/20251117202238328-ze9Edh5W.pdf
ro-labour-line,Repair Order Labour Line,data[].operations[].line.storyText,,string,,story_text,cdk_ro_labour_line,AFVC (Operation within an Order) / CATSDB (time confirmation),,DOCUMENTED,https://fortellis-api-documents-prod.s3-us-west-2.amazonaws.com/cf3e1079-e617-4e4d-acd0-21e991f60408/external/20251117202238328-ze9Edh5W.pdf
ro-labour-line,Repair Order Labour Line,data[].operations[].line.storySequenceNo,,integer,,story_sequence_number,cdk_ro_labour_line,AFVC (Operation within an Order) / CATSDB (time confirmation),,DOCUMENTED,https://fortellis-api-documents-prod.s3-us-west-2.amazonaws.com/cf3e1079-e617-4e4d-acd0-21e991f60408/external/20251117202238328-ze9Edh5W.pdf
ro-labour-line,Repair Order Labour Line,data[].operations[].line.laborOperations[].sequenceNo,,integer,,labor_op_sequence_number,cdk_ro_labour_line,AFVC (Operation within an Order) / CATSDB (time confirmation),,DOCUMENTED,https://fortellis-api-documents-prod.s3-us-west-2.amazonaws.com/cf3e1079-e617-4e4d-acd0-21e991f60408/external/20251117202238328-ze9Edh5W.pdf
ro-labour-line,Repair Order Labour Line,data[].operations[].line.laborOperations[].opCode,,string,,labor_op_code,cdk_ro_labour_line,AFVC (Operation within an Order) / CATSDB (time confirmation),"AFVC-STEUS (operation control key, analogue)",DOCUMENTED,https://fortellis-api-documents-prod.s3-us-west-2.amazonaws.com/cf3e1079-e617-4e4d-acd0-21e991f60408/external/20251117202238328-ze9Edh5W.pdf
ro-labour-line,Repair Order Labour Line,data[].operations[].line.laborOperations[].opCodeDesc,,string,,labor_op_desc,cdk_ro_labour_line,AFVC (Operation within an Order) / CATSDB (time confirmation),,DOCUMENTED,https://fortellis-api-documents-prod.s3-us-west-2.amazonaws.com/cf3e1079-e617-4e4d-acd0-21e991f60408/external/20251117202238328-ze9Edh5W.pdf
ro-labour-line,Repair Order Labour Line,data[].operations[].line.laborOperations[].type,,string,,labor_type_code,cdk_ro_labour_line,AFVC (Operation within an Order) / CATSDB (time confirmation),,DOCUMENTED,https://fortellis-api-documents-prod.s3-us-west-2.amazonaws.com/cf3e1079-e617-4e4d-acd0-21e991f60408/external/20251117202238328-ze9Edh5W.pdf
ro-labour-line,Repair Order Labour Line,data[].operations[].line.laborOperations[].technicianIds[],,string,,technician_ids,cdk_ro_labour_line,AFVC (Operation within an Order) / CATSDB (time confirmation),,DOCUMENTED,https://fortellis-api-documents-prod.s3-us-west-2.amazonaws.com/cf3e1079-e617-4e4d-acd0-21e991f60408/external/20251117202238328-ze9Edh5W.pdf
ro-labour-line,Repair Order Labour Line,data[].operations[].line.laborOperations[].soldHours,,decimal,hours,sold_hours,cdk_ro_labour_line,AFVC (Operation within an Order) / CATSDB (time confirmation),,DOCUMENTED,https://fortellis-api-documents-prod.s3-us-west-2.amazonaws.com/cf3e1079-e617-4e4d-acd0-21e991f60408/external/20251117202238328-ze9Edh5W.pdf
ro-labour-line,Repair Order Labour Line,data[].operations[].line.laborOperations[].actualHours,,decimal,hours,actual_hours,cdk_ro_labour_line,AFVC (Operation within an Order) / CATSDB (time confirmation),,DOCUMENTED,https://fortellis-api-documents-prod.s3-us-west-2.amazonaws.com/cf3e1079-e617-4e4d-acd0-21e991f60408/external/20251117202238328-ze9Edh5W.pdf
ro-labour-line,Repair Order Labour Line,data[].operations[].line.laborOperations[].flagHours,,decimal,hours,flag_hours,cdk_ro_labour_line,AFVC (Operation within an Order) / CATSDB (time confirmation),,DOCUMENTED,https://fortellis-api-documents-prod.s3-us-west-2.amazonaws.com/cf3e1079-e617-4e4d-acd0-21e991f60408/external/20251117202238328-ze9Edh5W.pdf
ro-labour-line,Repair Order Labour Line,data[].operations[].line.laborOperations[].timeCardHours,,decimal,hours,time_card_hours,cdk_ro_labour_line,AFVC (Operation within an Order) / CATSDB (time confirmation),,DOCUMENTED,https://fortellis-api-documents-prod.s3-us-west-2.amazonaws.com/cf3e1079-e617-4e4d-acd0-21e991f60408/external/20251117202238328-ze9Edh5W.pdf
ro-labour-line,Repair Order Labour Line,data[].operations[].line.laborOperations[].otherHours,,decimal,hours,other_hours,cdk_ro_labour_line,AFVC (Operation within an Order) / CATSDB (time confirmation),,DOCUMENTED,https://fortellis-api-documents-prod.s3-us-west-2.amazonaws.com/cf3e1079-e617-4e4d-acd0-21e991f60408/external/20251117202238328-ze9Edh5W.pdf
ro-labour-line,Repair Order Labour Line,data[].operations[].line.laborOperations[].sale,,decimal,currency,labor_sale_amount,cdk_ro_labour_line,AFVC (Operation within an Order) / CATSDB (time confirmation),,DOCUMENTED,https://fortellis-api-documents-prod.s3-us-west-2.amazonaws.com/cf3e1079-e617-4e4d-acd0-21e991f60408/external/20251117202238328-ze9Edh5W.pdf
ro-labour-line,Repair Order Labour Line,data[].operations[].line.laborOperations[].cost,,decimal,currency,labor_cost_amount,cdk_ro_labour_line,AFVC (Operation within an Order) / CATSDB (time confirmation),,DOCUMENTED,https://fortellis-api-documents-prod.s3-us-west-2.amazonaws.com/cf3e1079-e617-4e4d-acd0-21e991f60408/external/20251117202238328-ze9Edh5W.pdf
ro-labour-line,Repair Order Labour Line,data[].operations[].line.laborOperations[].forcedShopCharge,,decimal,currency,forced_shop_charge,cdk_ro_labour_line,AFVC (Operation within an Order) / CATSDB (time confirmation),,DOCUMENTED,https://fortellis-api-documents-prod.s3-us-west-2.amazonaws.com/cf3e1079-e617-4e4d-acd0-21e991f60408/external/20251117202238328-ze9Edh5W.pdf
ro-labour-line,Repair Order Labour Line,data[].operations[].line.laborOperations[].mcdPercentage,,decimal,percent,mcd_percentage,cdk_ro_labour_line,AFVC (Operation within an Order) / CATSDB (time confirmation),,DOCUMENTED,https://fortellis-api-documents-prod.s3-us-west-2.amazonaws.com/cf3e1079-e617-4e4d-acd0-21e991f60408/external/20251117202238328-ze9Edh5W.pdf
ro-labour-line,Repair Order Labour Line,data[].operations[].line.laborOperations[].comebackFlag,,boolean,,labor_op_comeback_flag,cdk_ro_labour_line,AFVC (Operation within an Order) / CATSDB (time confirmation),,DOCUMENTED,https://fortellis-api-documents-prod.s3-us-west-2.amazonaws.com/cf3e1079-e617-4e4d-acd0-21e991f60408/external/20251117202238328-ze9Edh5W.pdf
ro-labour-line,Repair Order Labour Line,data[].operations[].line.laborOperations[].comebackRO,,string,,comeback_original_ro_number,cdk_ro_labour_line,AFVC (Operation within an Order) / CATSDB (time confirmation),,DOCUMENTED,https://fortellis-api-documents-prod.s3-us-west-2.amazonaws.com/cf3e1079-e617-4e4d-acd0-21e991f60408/external/20251117202238328-ze9Edh5W.pdf
ro-labour-line,Repair Order Labour Line,data[].operations[].line.laborOperations[].bookedDate,,date,,labor_op_booked_date,cdk_ro_labour_line,AFVC (Operation within an Order) / CATSDB (time confirmation),,DOCUMENTED,https://fortellis-api-documents-prod.s3-us-west-2.amazonaws.com/cf3e1079-e617-4e4d-acd0-21e991f60408/external/20251117202238328-ze9Edh5W.pdf
ro-labour-line,Repair Order Labour Line,data[].operations[].line.laborOperations[].hours[].hourType,,string,,hour_type_code,cdk_ro_labour_line,AFVC (Operation within an Order) / CATSDB (time confirmation),,DOCUMENTED,https://fortellis-api-documents-prod.s3-us-west-2.amazonaws.com/cf3e1079-e617-4e4d-acd0-21e991f60408/external/20251117202238328-ze9Edh5W.pdf
ro-labour-line,Repair Order Labour Line,data[].operations[].line.laborOperations[].hours[].laborType,,string,,hours_labor_type,cdk_ro_labour_line,AFVC (Operation within an Order) / CATSDB (time confirmation),,DOCUMENTED,https://fortellis-api-documents-prod.s3-us-west-2.amazonaws.com/cf3e1079-e617-4e4d-acd0-21e991f60408/external/20251117202238328-ze9Edh5W.pdf
ro-labour-line,Repair Order Labour Line,data[].operations[].line.laborOperations[].hours[].percentage,,decimal,percent,hours_percentage,cdk_ro_labour_line,AFVC (Operation within an Order) / CATSDB (time confirmation),,DOCUMENTED,https://fortellis-api-documents-prod.s3-us-west-2.amazonaws.com/cf3e1079-e617-4e4d-acd0-21e991f60408/external/20251117202238328-ze9Edh5W.pdf
ro-labour-line,Repair Order Labour Line,data[].operations[].line.laborOperations[].fees[].type,,enum,,fee_type_code,cdk_ro_labour_line,AFVC (Operation within an Order) / CATSDB (time confirmation),,DOCUMENTED,https://fortellis-api-documents-prod.s3-us-west-2.amazonaws.com/cf3e1079-e617-4e4d-acd0-21e991f60408/external/20251117202238328-ze9Edh5W.pdf
ro-labour-line,Repair Order Labour Line,data[].operations[].line.laborOperations[].fees[].sale,,decimal,currency,fee_sale_amount,cdk_ro_labour_line,AFVC (Operation within an Order) / CATSDB (time confirmation),,DOCUMENTED,https://fortellis-api-documents-prod.s3-us-west-2.amazonaws.com/cf3e1079-e617-4e4d-acd0-21e991f60408/external/20251117202238328-ze9Edh5W.pdf
ro-labour-line,Repair Order Labour Line,data[].operations[].line.warranty[].claimType,,string,,line_warranty_claim_type,cdk_ro_labour_line,AFVC (Operation within an Order) / CATSDB (time confirmation),,DOCUMENTED,https://fortellis-api-documents-prod.s3-us-west-2.amazonaws.com/cf3e1079-e617-4e4d-acd0-21e991f60408/external/20251117202238328-ze9Edh5W.pdf
ro-labour-line,Repair Order Labour Line,data[].operations[].line.warranty[].authorizationCode,,string,,line_warranty_auth_code,cdk_ro_labour_line,AFVC (Operation within an Order) / CATSDB (time confirmation),,DOCUMENTED,https://fortellis-api-documents-prod.s3-us-west-2.amazonaws.com/cf3e1079-e617-4e4d-acd0-21e991f60408/external/20251117202238328-ze9Edh5W.pdf
ro-labour-line,Repair Order Labour Line,data[].operations[].line.warranty[].failedPartNo,,string,,line_warranty_failed_part_no,cdk_ro_labour_line,AFVC (Operation within an Order) / CATSDB (time confirmation),,DOCUMENTED,https://fortellis-api-documents-prod.s3-us-west-2.amazonaws.com/cf3e1079-e617-4e4d-acd0-21e991f60408/external/20251117202238328-ze9Edh5W.pdf
ro-labour-line,Repair Order Labour Line,effectiveLaborRate,,decimal,currency,effective_labor_rate_kpi,cdk_ro_labour_line,AFVC (Operation within an Order) / CATSDB (time confirmation),,INFERRED,
ro-part-line,Repair Order Part Line,data[].roNumber,,string,,ro_number,cdk_ro_part_line,MSEG (Material Document Segment) / RESB (Reservation),AUFK-AUFNR,DOCUMENTED,https://apidocs.fortellis.io/
ro-part-line,Repair Order Part Line,...parts[].sequenceNo,,integer,,part_sequence_number,cdk_ro_part_line,MSEG (Material Document Segment) / RESB (Reservation),,DOCUMENTED,https://fortellis-api-documents-prod.s3-us-west-2.amazonaws.com/cf3e1079-e617-4e4d-acd0-21e991f60408/external/20251117202238328-ze9Edh5W.pdf
ro-part-line,Repair Order Part Line,...parts[].number,,string,,part_number,cdk_ro_part_line,MSEG (Material Document Segment) / RESB (Reservation),MARA-MATNR,DOCUMENTED,https://fortellis-api-documents-prod.s3-us-west-2.amazonaws.com/cf3e1079-e617-4e4d-acd0-21e991f60408/external/20251117202238328-ze9Edh5W.pdf
ro-part-line,Repair Order Part Line,...parts[].desc,,string,,part_description,cdk_ro_part_line,MSEG (Material Document Segment) / RESB (Reservation),MAKT-MAKTX,DOCUMENTED,https://fortellis-api-documents-prod.s3-us-west-2.amazonaws.com/cf3e1079-e617-4e4d-acd0-21e991f60408/external/20251117202238328-ze9Edh5W.pdf
ro-part-line,Repair Order Part Line,...parts[].bin1,,string,,bin1_location,cdk_ro_part_line,MSEG (Material Document Segment) / RESB (Reservation),MARD-LGPBE (storage bin),DOCUMENTED,https://fortellis-api-documents-prod.s3-us-west-2.amazonaws.com/cf3e1079-e617-4e4d-acd0-21e991f60408/external/20251117202238328-ze9Edh5W.pdf
ro-part-line,Repair Order Part Line,...parts[].source,,string,,part_source_number,cdk_ro_part_line,MSEG (Material Document Segment) / RESB (Reservation),,DOCUMENTED,https://fortellis-api-documents-prod.s3-us-west-2.amazonaws.com/cf3e1079-e617-4e4d-acd0-21e991f60408/external/20251117202238328-ze9Edh5W.pdf
ro-part-line,Repair Order Part Line,...parts[].partClass,,string,,parts_class_code,cdk_ro_part_line,MSEG (Material Document Segment) / RESB (Reservation),MARA-MTPOS_MARA (analogue),DOCUMENTED,https://fortellis-api-documents-prod.s3-us-west-2.amazonaws.com/cf3e1079-e617-4e4d-acd0-21e991f60408/external/20251117202238328-ze9Edh5W.pdf
ro-part-line,Repair Order Part Line,...parts[].laborSequenceNo,,integer,,associated_labor_sequence_number,cdk_ro_part_line,MSEG (Material Document Segment) / RESB (Reservation),,DOCUMENTED,https://fortellis-api-documents-prod.s3-us-west-2.amazonaws.com/cf3e1079-e617-4e4d-acd0-21e991f60408/external/20251117202238328-ze9Edh5W.pdf
ro-part-line,Repair Order Part Line,...parts[].laborType,,string,,part_labor_type,cdk_ro_part_line,MSEG (Material Document Segment) / RESB (Reservation),,DOCUMENTED,https://fortellis-api-documents-prod.s3-us-west-2.amazonaws.com/cf3e1079-e617-4e4d-acd0-21e991f60408/external/20251117202238328-ze9Edh5W.pdf
ro-part-line,Repair Order Part Line,...parts[].lineCode,,string,,part_line_code,cdk_ro_part_line,MSEG (Material Document Segment) / RESB (Reservation),,DOCUMENTED,https://fortellis-api-documents-prod.s3-us-west-2.amazonaws.com/cf3e1079-e617-4e4d-acd0-21e991f60408/external/20251117202238328-ze9Edh5W.pdf
ro-part-line,Repair Order Part Line,...parts[].cost,,decimal,currency,escalated_unit_cost,cdk_ro_part_line,MSEG (Material Document Segment) / RESB (Reservation),MBEW-VERPR (moving average price analogue),DOCUMENTED,https://fortellis-api-documents-prod.s3-us-west-2.amazonaws.com/cf3e1079-e617-4e4d-acd0-21e991f60408/external/20251117202238328-ze9Edh5W.pdf
ro-part-line,Repair Order Part Line,...parts[].list,,decimal,currency,escalated_unit_list_price,cdk_ro_part_line,MSEG (Material Document Segment) / RESB (Reservation),,DOCUMENTED,https://fortellis-api-documents-prod.s3-us-west-2.amazonaws.com/cf3e1079-e617-4e4d-acd0-21e991f60408/external/20251117202238328-ze9Edh5W.pdf
ro-part-line,Repair Order Part Line,...parts[].sale,,decimal,currency,escalated_unit_sale_price,cdk_ro_part_line,MSEG (Material Document Segment) / RESB (Reservation),,DOCUMENTED,https://fortellis-api-documents-prod.s3-us-west-2.amazonaws.com/cf3e1079-e617-4e4d-acd0-21e991f60408/external/20251117202238328-ze9Edh5W.pdf
ro-part-line,Repair Order Part Line,...parts[].extendedCost,,decimal,currency,extended_cost,cdk_ro_part_line,MSEG (Material Document Segment) / RESB (Reservation),,DOCUMENTED,https://fortellis-api-documents-prod.s3-us-west-2.amazonaws.com/cf3e1079-e617-4e4d-acd0-21e991f60408/external/20251117202238328-ze9Edh5W.pdf
ro-part-line,Repair Order Part Line,...parts[].extendedSale,,decimal,currency,extended_sale,cdk_ro_part_line,MSEG (Material Document Segment) / RESB (Reservation),,DOCUMENTED,https://fortellis-api-documents-prod.s3-us-west-2.amazonaws.com/cf3e1079-e617-4e4d-acd0-21e991f60408/external/20251117202238328-ze9Edh5W.pdf
ro-part-line,Repair Order Part Line,...parts[].coreCost,,decimal,currency,core_cost,cdk_ro_part_line,MSEG (Material Document Segment) / RESB (Reservation),,DOCUMENTED,https://fortellis-api-documents-prod.s3-us-west-2.amazonaws.com/cf3e1079-e617-4e4d-acd0-21e991f60408/external/20251117202238328-ze9Edh5W.pdf
ro-part-line,Repair Order Part Line,...parts[].coreSale,,decimal,currency,core_sale,cdk_ro_part_line,MSEG (Material Document Segment) / RESB (Reservation),,DOCUMENTED,https://fortellis-api-documents-prod.s3-us-west-2.amazonaws.com/cf3e1079-e617-4e4d-acd0-21e991f60408/external/20251117202238328-ze9Edh5W.pdf
ro-part-line,Repair Order Part Line,...parts[].unitServiceCharge,,decimal,currency,unit_service_charge,cdk_ro_part_line,MSEG (Material Document Segment) / RESB (Reservation),,DOCUMENTED,https://fortellis-api-documents-prod.s3-us-west-2.amazonaws.com/cf3e1079-e617-4e4d-acd0-21e991f60408/external/20251117202238328-ze9Edh5W.pdf
ro-part-line,Repair Order Part Line,...parts[].mcdPercentage,,decimal,percent,part_mcd_percentage,cdk_ro_part_line,MSEG (Material Document Segment) / RESB (Reservation),,DOCUMENTED,https://fortellis-api-documents-prod.s3-us-west-2.amazonaws.com/cf3e1079-e617-4e4d-acd0-21e991f60408/external/20251117202238328-ze9Edh5W.pdf
ro-part-line,Repair Order Part Line,...parts[].comp,,decimal,currency,unit_comp_price,cdk_ro_part_line,MSEG (Material Document Segment) / RESB (Reservation),,DOCUMENTED,https://fortellis-api-documents-prod.s3-us-west-2.amazonaws.com/cf3e1079-e617-4e4d-acd0-21e991f60408/external/20251117202238328-ze9Edh5W.pdf
ro-part-line,Repair Order Part Line,...parts[].compLineCode,,string,,comp_line_code,cdk_ro_part_line,MSEG (Material Document Segment) / RESB (Reservation),,DOCUMENTED,https://fortellis-api-documents-prod.s3-us-west-2.amazonaws.com/cf3e1079-e617-4e4d-acd0-21e991f60408/external/20251117202238328-ze9Edh5W.pdf
ro-part-line,Repair Order Part Line,...parts[].qtySold,,decimal,quantity,quantity_sold,cdk_ro_part_line,MSEG (Material Document Segment) / RESB (Reservation),,DOCUMENTED,https://fortellis-api-documents-prod.s3-us-west-2.amazonaws.com/cf3e1079-e617-4e4d-acd0-21e991f60408/external/20251117202238328-ze9Edh5W.pdf
ro-part-line,Repair Order Part Line,...parts[].qtyOrdered,,integer,quantity,quantity_ordered,cdk_ro_part_line,MSEG (Material Document Segment) / RESB (Reservation),,DOCUMENTED,https://fortellis-api-documents-prod.s3-us-west-2.amazonaws.com/cf3e1079-e617-4e4d-acd0-21e991f60408/external/20251117202238328-ze9Edh5W.pdf
ro-part-line,Repair Order Part Line,...parts[].qtyFilled,,integer,quantity,quantity_filled,cdk_ro_part_line,MSEG (Material Document Segment) / RESB (Reservation),,DOCUMENTED,https://fortellis-api-documents-prod.s3-us-west-2.amazonaws.com/cf3e1079-e617-4e4d-acd0-21e991f60408/external/20251117202238328-ze9Edh5W.pdf
ro-part-line,Repair Order Part Line,...parts[].qtyBackordered,,integer,quantity,quantity_backordered,cdk_ro_part_line,MSEG (Material Document Segment) / RESB (Reservation),,DOCUMENTED,https://fortellis-api-documents-prod.s3-us-west-2.amazonaws.com/cf3e1079-e617-4e4d-acd0-21e991f60408/external/20251117202238328-ze9Edh5W.pdf
ro-part-line,Repair Order Part Line,...parts[].qtyOnHand,,integer,quantity,quantity_on_hand_at_sale,cdk_ro_part_line,MSEG (Material Document Segment) / RESB (Reservation),,DOCUMENTED,https://fortellis-api-documents-prod.s3-us-west-2.amazonaws.com/cf3e1079-e617-4e4d-acd0-21e991f60408/external/20251117202238328-ze9Edh5W.pdf
ro-part-line,Repair Order Part Line,...parts[].specialStatus,,string,,part_special_status,cdk_ro_part_line,MSEG (Material Document Segment) / RESB (Reservation),,DOCUMENTED,https://fortellis-api-documents-prod.s3-us-west-2.amazonaws.com/cf3e1079-e617-4e4d-acd0-21e991f60408/external/20251117202238328-ze9Edh5W.pdf
ro-part-line,Repair Order Part Line,...parts[].employeeId,,integer,,counter_person_employee_id,cdk_ro_part_line,MSEG (Material Document Segment) / RESB (Reservation),,DOCUMENTED,https://fortellis-api-documents-prod.s3-us-west-2.amazonaws.com/cf3e1079-e617-4e4d-acd0-21e991f60408/external/20251117202238328-ze9Edh5W.pdf
ro-part-line,Repair Order Part Line,...parts[].outsideSalesmanId,,integer,,outside_salesman_id,cdk_ro_part_line,MSEG (Material Document Segment) / RESB (Reservation),,DOCUMENTED,https://fortellis-api-documents-prod.s3-us-west-2.amazonaws.com/cf3e1079-e617-4e4d-acd0-21e991f60408/external/20251117202238328-ze9Edh5W.pdf
ro-part-line,Repair Order Part Line,...parts[].fees[].type,,enum,,part_fee_type_code,cdk_ro_part_line,MSEG (Material Document Segment) / RESB (Reservation),,DOCUMENTED,https://fortellis-api-documents-prod.s3-us-west-2.amazonaws.com/cf3e1079-e617-4e4d-acd0-21e991f60408/external/20251117202238328-ze9Edh5W.pdf
ro-part-line,Repair Order Part Line,...parts[].fees[].lopOrPartFlag,,enum,,fee_lop_or_part_flag,cdk_ro_part_line,MSEG (Material Document Segment) / RESB (Reservation),,DOCUMENTED,https://fortellis-api-documents-prod.s3-us-west-2.amazonaws.com/cf3e1079-e617-4e4d-acd0-21e991f60408/external/20251117202238328-ze9Edh5W.pdf
ro-part-line,Repair Order Part Line,transactionCode,,enum,,transaction_code,cdk_ro_part_line,MSEG (Material Document Segment) / RESB (Reservation),BWART (movement type analogue),DOCUMENTED,https://totaldealersolutions.zendesk.com/hc/en-us/articles/360060331572-CDK-Transaction-Codes
ro-part-line,Repair Order Part Line,starPartTypeCode,,enum,,star_part_type_code,cdk_ro_part_line,MSEG (Material Document Segment) / RESB (Reservation),MARA-MATNR (type analogue),INFERRED,
ro-part-line,Repair Order Part Line,hazmatIndicator,,boolean,,hazmat_indicator,cdk_ro_part_line,MSEG (Material Document Segment) / RESB (Reservation),,INFERRED,
parts-master-inventory,Parts Master / Inventory,PartNumber,,string,,part_number,cdk_parts_master_inventory,MARA (Material Master) / MARD (Storage Location Data) / MBEW (Material Valuation),MARA-MATNR,DOCUMENTED,https://community.fortellis.io/community/forum/qa/cdk-drive-search-parts-pick-ticket-and-cdk-drive-async-parts-inventory
parts-master-inventory,Parts Master / Inventory,Description,,string,,description,cdk_parts_master_inventory,MARA (Material Master) / MARD (Storage Location Data) / MBEW (Material Valuation),MAKT-MAKTX,DOCUMENTED,https://community.fortellis.io/community/forum/qa/cdk-drive-search-parts-pick-ticket-and-cdk-drive-async-parts-inventory
parts-master-inventory,Parts Master / Inventory,Manufacturer,,string,,manufacturer,cdk_parts_master_inventory,MARA (Material Master) / MARD (Storage Location Data) / MBEW (Material Valuation),,DOCUMENTED,https://community.fortellis.io/community/forum/qa/cdk-drive-search-parts-pick-ticket-and-cdk-drive-async-parts-inventory
parts-master-inventory,Parts Master / Inventory,QtyOnHand,,integer,quantity,quantity_on_hand,cdk_parts_master_inventory,MARA (Material Master) / MARD (Storage Location Data) / MBEW (Material Valuation),MARD-LABST,DOCUMENTED,https://community.fortellis.io/community/forum/qa/cdk-drive-search-parts-pick-ticket-and-cdk-drive-async-parts-inventory
parts-master-inventory,Parts Master / Inventory,BinLocation,,string,,bin_location,cdk_parts_master_inventory,MARA (Material Master) / MARD (Storage Location Data) / MBEW (Material Valuation),MARD-LGPBE,DOCUMENTED,https://community.fortellis.io/community/forum/qa/cdk-drive-search-parts-pick-ticket-and-cdk-drive-async-parts-inventory
parts-master-inventory,Parts Master / Inventory,bin2,,string,,bin2_location,cdk_parts_master_inventory,MARA (Material Master) / MARD (Storage Location Data) / MBEW (Material Valuation),,INFERRED,
parts-master-inventory,Parts Master / Inventory,Cost,,decimal,currency,unit_cost,cdk_parts_master_inventory,MARA (Material Master) / MARD (Storage Location Data) / MBEW (Material Valuation),MBEW-VERPR,DOCUMENTED,https://community.fortellis.io/community/forum/qa/cdk-drive-search-parts-pick-ticket-and-cdk-drive-async-parts-inventory
parts-master-inventory,Parts Master / Inventory,ListPrice,,decimal,currency,list_price,cdk_parts_master_inventory,MARA (Material Master) / MARD (Storage Location Data) / MBEW (Material Valuation),,DOCUMENTED,https://community.fortellis.io/community/forum/qa/cdk-drive-search-parts-pick-ticket-and-cdk-drive-async-parts-inventory
parts-master-inventory,Parts Master / Inventory,LastSaleDate,,date,,last_sale_date,cdk_parts_master_inventory,MARA (Material Master) / MARD (Storage Location Data) / MBEW (Material Valuation),,DOCUMENTED,https://community.fortellis.io/community/forum/qa/cdk-drive-search-parts-pick-ticket-and-cdk-drive-async-parts-inventory
parts-master-inventory,Parts Master / Inventory,DateReceived,,date,,date_received,cdk_parts_master_inventory,MARA (Material Master) / MARD (Storage Location Data) / MBEW (Material Valuation),,DOCUMENTED,https://community.fortellis.io/community/forum/qa/cdk-drive-search-parts-pick-ticket-and-cdk-drive-async-parts-inventory
parts-master-inventory,Parts Master / Inventory,DeletePartFlag,,boolean,,delete_part_flag,cdk_parts_master_inventory,MARA (Material Master) / MARD (Storage Location Data) / MBEW (Material Valuation),,DOCUMENTED,https://community.fortellis.io/community/forum/qa/cdk-drive-search-parts-pick-ticket-and-cdk-drive-async-parts-inventory
parts-master-inventory,Parts Master / Inventory,GroupCode,,string,,group_code,cdk_parts_master_inventory,MARA (Material Master) / MARD (Storage Location Data) / MBEW (Material Valuation),,DOCUMENTED,https://community.fortellis.io/community/forum/qa/cdk-drive-search-parts-pick-ticket-and-cdk-drive-async-parts-inventory
parts-master-inventory,Parts Master / Inventory,MinStock,,integer,quantity,minimum_stock_level,cdk_parts_master_inventory,MARA (Material Master) / MARD (Storage Location Data) / MBEW (Material Valuation),MARC-MINBE,DOCUMENTED,https://community.fortellis.io/community/forum/qa/cdk-drive-search-parts-pick-ticket-and-cdk-drive-async-parts-inventory
parts-master-inventory,Parts Master / Inventory,MaxStock,,integer,quantity,maximum_stock_level,cdk_parts_master_inventory,MARA (Material Master) / MARD (Storage Location Data) / MBEW (Material Valuation),,DOCUMENTED,https://community.fortellis.io/community/forum/qa/cdk-drive-search-parts-pick-ticket-and-cdk-drive-async-parts-inventory
parts-master-inventory,Parts Master / Inventory,SafetyStock,,integer,quantity,safety_stock_level,cdk_parts_master_inventory,MARA (Material Master) / MARD (Storage Location Data) / MBEW (Material Valuation),MARC-EISBE,DOCUMENTED,https://community.fortellis.io/community/forum/qa/cdk-drive-search-parts-pick-ticket-and-cdk-drive-async-parts-inventory
parts-master-inventory,Parts Master / Inventory,supersessionChainPartNumber,,string,,supersession_successor_part_number,cdk_parts_master_inventory,MARA (Material Master) / MARD (Storage Location Data) / MBEW (Material Valuation),,INFERRED,
parts-master-inventory,Parts Master / Inventory,PartConditionCode,,enum,,part_condition_code,cdk_parts_master_inventory,MARA (Material Master) / MARD (Storage Location Data) / MBEW (Material Valuation),,INFERRED,
parts-master-inventory,Parts Master / Inventory,VMRSCode,,string,,vmrs_code,cdk_parts_master_inventory,MARA (Material Master) / MARD (Storage Location Data) / MBEW (Material Valuation),,INFERRED,
parts-order-supersession,Parts Order / Supersession,orderType,,enum,,order_type,cdk_parts_order_supersession,MMPUR (Purchase Order) / MARA-supersession chain (custom Z-table analogue),,DOCUMENTED,https://www.karmak.com/integrations/paccar
parts-order-supersession,Parts Order / Supersession,orderingPlatform,,string,,ordering_platform,cdk_parts_order_supersession,MMPUR (Purchase Order) / MARA-supersession chain (custom Z-table analogue),,DOCUMENTED,https://www.karmak.com/integrations/paccar
parts-order-supersession,Parts Order / Supersession,cdkFunctionCode,,enum,,cdk_function_code,cdk_parts_order_supersession,MMPUR (Purchase Order) / MARA-supersession chain (custom Z-table analogue),,INFERRED,
parts-order-supersession,Parts Order / Supersession,orderNumber,,string,,order_number,cdk_parts_order_supersession,MMPUR (Purchase Order) / MARA-supersession chain (custom Z-table analogue),,INFERRED,
parts-order-supersession,Parts Order / Supersession,partNumber,,string,,part_number,cdk_parts_order_supersession,MMPUR (Purchase Order) / MARA-supersession chain (custom Z-table analogue),,INFERRED,
parts-order-supersession,Parts Order / Supersession,supersededByPartNumber,,string,,superseded_by_part_number,cdk_parts_order_supersession,MMPUR (Purchase Order) / MARA-supersession chain (custom Z-table analogue),,INFERRED,
parts-order-supersession,Parts Order / Supersession,quantityOrdered,,integer,quantity,quantity_ordered,cdk_parts_order_supersession,MMPUR (Purchase Order) / MARA-supersession chain (custom Z-table analogue),,INFERRED,
parts-order-supersession,Parts Order / Supersession,orderDate,,date,,order_date,cdk_parts_order_supersession,MMPUR (Purchase Order) / MARA-supersession chain (custom Z-table analogue),,INFERRED,
parts-order-supersession,Parts Order / Supersession,confirmationStatus,,enum,,confirmation_status,cdk_parts_order_supersession,MMPUR (Purchase Order) / MARA-supersession chain (custom Z-table analogue),,INFERRED,
parts-pick-ticket,Parts Pick Ticket,pickTicketId,,string,,pick_ticket_id,cdk_parts_pick_ticket,Transfer Order / Reservation withdrawal document (LB03/MB1B analogue),,DOCUMENTED,https://community.fortellis.io/fr/taxonomy/term/16
parts-pick-ticket,Parts Pick Ticket,roNumber,,string,,ro_number,cdk_parts_pick_ticket,Transfer Order / Reservation withdrawal document (LB03/MB1B analogue),,INFERRED,
parts-pick-ticket,Parts Pick Ticket,counterSaleId,,string,,counter_sale_id,cdk_parts_pick_ticket,Transfer Order / Reservation withdrawal document (LB03/MB1B analogue),,INFERRED,
parts-pick-ticket,Parts Pick Ticket,partNumber,,string,,part_number,cdk_parts_pick_ticket,Transfer Order / Reservation withdrawal document (LB03/MB1B analogue),,INFERRED,
parts-pick-ticket,Parts Pick Ticket,quantityPicked,,integer,quantity,quantity_picked,cdk_parts_pick_ticket,Transfer Order / Reservation withdrawal document (LB03/MB1B analogue),,INFERRED,
parts-pick-ticket,Parts Pick Ticket,binLocation,,string,,pick_bin_location,cdk_parts_pick_ticket,Transfer Order / Reservation withdrawal document (LB03/MB1B analogue),,INFERRED,
parts-pick-ticket,Parts Pick Ticket,pickedByEmployeeId,,string,,picked_by_employee_id,cdk_parts_pick_ticket,Transfer Order / Reservation withdrawal document (LB03/MB1B analogue),,INFERRED,
parts-pick-ticket,Parts Pick Ticket,pickDate,,date,,pick_date,cdk_parts_pick_ticket,Transfer Order / Reservation withdrawal document (LB03/MB1B analogue),,INFERRED,
parts-pick-ticket,Parts Pick Ticket,pickStatus,,enum,,pick_status,cdk_parts_pick_ticket,Transfer Order / Reservation withdrawal document (LB03/MB1B analogue),,INFERRED,
counter-parts-sale,Counter Parts Sale,counterSaleId,,string,,counter_sale_id,cdk_counter_parts_sale,VBRK/VBRP (Billing Document Header/Item) for a stand-alone parts sale,,DOCUMENTED,https://www2.cdkglobal.com/api-solutions-parts
counter-parts-sale,Counter Parts Sale,saleStatus,,enum,,sale_status,cdk_counter_parts_sale,VBRK/VBRP (Billing Document Header/Item) for a stand-alone parts sale,,DOCUMENTED,https://www2.cdkglobal.com/api-solutions-parts
counter-parts-sale,Counter Parts Sale,customerId,,string,,customer_id,cdk_counter_parts_sale,VBRK/VBRP (Billing Document Header/Item) for a stand-alone parts sale,,UNVERIFIED,
counter-parts-sale,Counter Parts Sale,partNumber,,string,,part_number,cdk_counter_parts_sale,VBRK/VBRP (Billing Document Header/Item) for a stand-alone parts sale,,UNVERIFIED,
counter-parts-sale,Counter Parts Sale,quantitySold,,decimal,quantity,quantity_sold,cdk_counter_parts_sale,VBRK/VBRP (Billing Document Header/Item) for a stand-alone parts sale,,UNVERIFIED,
counter-parts-sale,Counter Parts Sale,unitSalePrice,,decimal,currency,unit_sale_price,cdk_counter_parts_sale,VBRK/VBRP (Billing Document Header/Item) for a stand-alone parts sale,,UNVERIFIED,
counter-parts-sale,Counter Parts Sale,saleDate,,date,,sale_date,cdk_counter_parts_sale,VBRK/VBRP (Billing Document Header/Item) for a stand-alone parts sale,,UNVERIFIED,
counter-parts-sale,Counter Parts Sale,transactionCode,,enum,,transaction_code,cdk_counter_parts_sale,VBRK/VBRP (Billing Document Header/Item) for a stand-alone parts sale,,DOCUMENTED,https://totaldealersolutions.zendesk.com/hc/en-us/articles/360060331572-CDK-Transaction-Codes
counter-parts-sale,Counter Parts Sale,invoiceNumber,,string,,invoice_number,cdk_counter_parts_sale,VBRK/VBRP (Billing Document Header/Item) for a stand-alone parts sale,,UNVERIFIED,
deal-jacket-vehicle-sale,Deal Jacket / Vehicle Sale,dealId,,string,,deal_id,cdk_deal_jacket_vehicle_sale,VBAK/VBAP (Sales Order) + posted Billing Document — closest SAP analogue for a vehicle sale + F&I bundle,,INFERRED,
deal-jacket-vehicle-sale,Deal Jacket / Vehicle Sale,dealStatus,,enum,,deal_status,cdk_deal_jacket_vehicle_sale,VBAK/VBAP (Sales Order) + posted Billing Document — closest SAP analogue for a vehicle sale + F&I bundle,,UNVERIFIED,
deal-jacket-vehicle-sale,Deal Jacket / Vehicle Sale,dealLifecycleStage,,enum,,deal_lifecycle_stage,cdk_deal_jacket_vehicle_sale,VBAK/VBAP (Sales Order) + posted Billing Document — closest SAP analogue for a vehicle sale + F&I bundle,,INFERRED,
deal-jacket-vehicle-sale,Deal Jacket / Vehicle Sale,customerId,,string,,customer_id,cdk_deal_jacket_vehicle_sale,VBAK/VBAP (Sales Order) + posted Billing Document — closest SAP analogue for a vehicle sale + F&I bundle,,UNVERIFIED,
deal-jacket-vehicle-sale,Deal Jacket / Vehicle Sale,vehicleId,,string,,vehicle_id,cdk_deal_jacket_vehicle_sale,VBAK/VBAP (Sales Order) + posted Billing Document — closest SAP analogue for a vehicle sale + F&I bundle,,UNVERIFIED,
deal-jacket-vehicle-sale,Deal Jacket / Vehicle Sale,salePrice,,decimal,currency,sale_price,cdk_deal_jacket_vehicle_sale,VBAK/VBAP (Sales Order) + posted Billing Document — closest SAP analogue for a vehicle sale + F&I bundle,,UNVERIFIED,
deal-jacket-vehicle-sale,Deal Jacket / Vehicle Sale,tradeInVehicleId,,string,,trade_in_vehicle_id,cdk_deal_jacket_vehicle_sale,VBAK/VBAP (Sales Order) + posted Billing Document — closest SAP analogue for a vehicle sale + F&I bundle,,UNVERIFIED,
deal-jacket-vehicle-sale,Deal Jacket / Vehicle Sale,financeSourceLenderId,,string,,finance_source_lender_id,cdk_deal_jacket_vehicle_sale,VBAK/VBAP (Sales Order) + posted Billing Document — closest SAP analogue for a vehicle sale + F&I bundle,,UNVERIFIED,
deal-jacket-vehicle-sale,Deal Jacket / Vehicle Sale,weOweDescription,,string,,we_owe_description,cdk_deal_jacket_vehicle_sale,VBAK/VBAP (Sales Order) + posted Billing Document — closest SAP analogue for a vehicle sale + F&I bundle,,INFERRED,
deal-jacket-vehicle-sale,Deal Jacket / Vehicle Sale,dealType,,enum,,deal_type,cdk_deal_jacket_vehicle_sale,VBAK/VBAP (Sales Order) + posted Billing Document — closest SAP analogue for a vehicle sale + F&I bundle,,INFERRED,
deal-jacket-vehicle-sale,Deal Jacket / Vehicle Sale,fiProductsSold,,string,,fi_products_sold,cdk_deal_jacket_vehicle_sale,VBAK/VBAP (Sales Order) + posted Billing Document — closest SAP analogue for a vehicle sale + F&I bundle,,UNVERIFIED,
technician-time-punch,Technician Time Punch,data[].technicianPunchTimes[].technicianId,,integer,,technician_id,cdk_technician_time_punch,CATSDB (Time Sheet / Cross-Application Time Sheet),CATSDB-PERNR,DOCUMENTED,https://fortellis-api-documents-prod.s3-us-west-2.amazonaws.com/cf3e1079-e617-4e4d-acd0-21e991f60408/external/20251117202238328-ze9Edh5W.pdf
technician-time-punch,Technician Time Punch,data[].technicianPunchTimes[].lineCode,,string,,line_code,cdk_technician_time_punch,CATSDB (Time Sheet / Cross-Application Time Sheet),,DOCUMENTED,https://fortellis-api-documents-prod.s3-us-west-2.amazonaws.com/cf3e1079-e617-4e4d-acd0-21e991f60408/external/20251117202238328-ze9Edh5W.pdf
technician-time-punch,Technician Time Punch,data[].technicianPunchTimes[].workDate,,date,,work_date,cdk_technician_time_punch,CATSDB (Time Sheet / Cross-Application Time Sheet),CATSDB-WORKDATE,DOCUMENTED,https://fortellis-api-documents-prod.s3-us-west-2.amazonaws.com/cf3e1079-e617-4e4d-acd0-21e991f60408/external/20251117202238328-ze9Edh5W.pdf
technician-time-punch,Technician Time Punch,data[].technicianPunchTimes[].timeOn,,time,,time_on,cdk_technician_time_punch,CATSDB (Time Sheet / Cross-Application Time Sheet),,DOCUMENTED,https://fortellis-api-documents-prod.s3-us-west-2.amazonaws.com/cf3e1079-e617-4e4d-acd0-21e991f60408/external/20251117202238328-ze9Edh5W.pdf
technician-time-punch,Technician Time Punch,data[].technicianPunchTimes[].timeOff,,time,,time_off,cdk_technician_time_punch,CATSDB (Time Sheet / Cross-Application Time Sheet),,DOCUMENTED,https://fortellis-api-documents-prod.s3-us-west-2.amazonaws.com/cf3e1079-e617-4e4d-acd0-21e991f60408/external/20251117202238328-ze9Edh5W.pdf
technician-time-punch,Technician Time Punch,data[].technicianPunchTimes[].duration,,decimal,hours,duration_hours,cdk_technician_time_punch,CATSDB (Time Sheet / Cross-Application Time Sheet),CATSDB-STDAZ,DOCUMENTED,https://fortellis-api-documents-prod.s3-us-west-2.amazonaws.com/cf3e1079-e617-4e4d-acd0-21e991f60408/external/20251117202238328-ze9Edh5W.pdf
technician-time-punch,Technician Time Punch,data[].technicianPunchTimes[].workType,,string,,work_type_code,cdk_technician_time_punch,CATSDB (Time Sheet / Cross-Application Time Sheet),,DOCUMENTED,https://fortellis-api-documents-prod.s3-us-west-2.amazonaws.com/cf3e1079-e617-4e4d-acd0-21e991f60408/external/20251117202238328-ze9Edh5W.pdf
technician-time-punch,Technician Time Punch,data[].technicianPunchTimes[].alteredFlag,,boolean,,altered_flag,cdk_technician_time_punch,CATSDB (Time Sheet / Cross-Application Time Sheet),,DOCUMENTED,https://fortellis-api-documents-prod.s3-us-west-2.amazonaws.com/cf3e1079-e617-4e4d-acd0-21e991f60408/external/20251117202238328-ze9Edh5W.pdf
technician-time-punch,Technician Time Punch,roNumber,,string,,ro_number,cdk_technician_time_punch,CATSDB (Time Sheet / Cross-Application Time Sheet),,DOCUMENTED,https://fortellis-api-documents-prod.s3-us-west-2.amazonaws.com/cf3e1079-e617-4e4d-acd0-21e991f60408/external/20251117202238328-ze9Edh5W.pdf
technician-time-punch,Technician Time Punch,payrollExportBatchId,,string,,payroll_export_batch_id,cdk_technician_time_punch,CATSDB (Time Sheet / Cross-Application Time Sheet),,UNVERIFIED,
technician-time-punch,Technician Time Punch,indirectTimeCode,,string,,indirect_time_code,cdk_technician_time_punch,CATSDB (Time Sheet / Cross-Application Time Sheet),,UNVERIFIED,
work-in-process,Work In Process,wipSnapshotDate,,date,,wip_snapshot_date,cdk_work_in_process,Anlagen im Bau (AIB) suspense-account analogue / CO-PA WIP settlement (conceptual analogue only),,INFERRED,
work-in-process,Work In Process,roNumber,,string,,ro_number,cdk_work_in_process,Anlagen im Bau (AIB) suspense-account analogue / CO-PA WIP settlement (conceptual analogue only),,DOCUMENTED,https://fortellis-api-documents-prod.s3-us-west-2.amazonaws.com/cf3e1079-e617-4e4d-acd0-21e991f60408/external/20251117202238328-ze9Edh5W.pdf
work-in-process,Work In Process,wipStatus,,enum,,wip_status,cdk_work_in_process,Anlagen im Bau (AIB) suspense-account analogue / CO-PA WIP settlement (conceptual analogue only),,DOCUMENTED,https://fortellis-api-documents-prod.s3-us-west-2.amazonaws.com/cf3e1079-e617-4e4d-acd0-21e991f60408/external/20251117202238328-ze9Edh5W.pdf
work-in-process,Work In Process,wipLaborAmount,,decimal,currency,wip_labor_amount,cdk_work_in_process,Anlagen im Bau (AIB) suspense-account analogue / CO-PA WIP settlement (conceptual analogue only),GM Account 247 (WIP-Labor),INFERRED,
work-in-process,Work In Process,wipPartsAmount,,decimal,currency,wip_parts_amount,cdk_work_in_process,Anlagen im Bau (AIB) suspense-account analogue / CO-PA WIP settlement (conceptual analogue only),,INFERRED,
work-in-process,Work In Process,wipOpenedDate,,date,,wip_opened_date,cdk_work_in_process,Anlagen im Bau (AIB) suspense-account analogue / CO-PA WIP settlement (conceptual analogue only),,DOCUMENTED,https://fortellis-api-documents-prod.s3-us-west-2.amazonaws.com/cf3e1079-e617-4e4d-acd0-21e991f60408/external/20251117202238328-ze9Edh5W.pdf
work-in-process,Work In Process,wipAgeDays,,integer,quantity,wip_age_days,cdk_work_in_process,Anlagen im Bau (AIB) suspense-account analogue / CO-PA WIP settlement (conceptual analogue only),,INFERRED,
work-in-process,Work In Process,wipClosedDate,,date,,wip_closed_date,cdk_work_in_process,Anlagen im Bau (AIB) suspense-account analogue / CO-PA WIP settlement (conceptual analogue only),,DOCUMENTED,https://fortellis-api-documents-prod.s3-us-west-2.amazonaws.com/cf3e1079-e617-4e4d-acd0-21e991f60408/external/20251117202238328-ze9Edh5W.pdf
work-in-process,Work In Process,wipGlAccount,,string,,wip_gl_account,cdk_work_in_process,Anlagen im Bau (AIB) suspense-account analogue / CO-PA WIP settlement (conceptual analogue only),,INFERRED,
work-in-process,Work In Process,wipDepartmentSuffix,,string,,wip_department_suffix,cdk_work_in_process,Anlagen im Bau (AIB) suspense-account analogue / CO-PA WIP settlement (conceptual analogue only),,INFERRED,
warranty-claim,Warranty Claim,claimNumber,,string,,claim_number,cdk_warranty_claim,Not a native SAP object; closest conceptual analogue is a customer/OEM debit memo tied to a service notification (IW51/IW52) with its own receivable account,,UNVERIFIED,
warranty-claim,Warranty Claim,roNumber,,string,,ro_number,cdk_warranty_claim,Not a native SAP object; closest conceptual analogue is a customer/OEM debit memo tied to a service notification (IW51/IW52) with its own receivable account,,INFERRED,
warranty-claim,Warranty Claim,vin,,string,,vin,cdk_warranty_claim,Not a native SAP object; closest conceptual analogue is a customer/OEM debit memo tied to a service notification (IW51/IW52) with its own receivable account,,INFERRED,
warranty-claim,Warranty Claim,causalPartNumber,,string,,causal_part_number,cdk_warranty_claim,Not a native SAP object; closest conceptual analogue is a customer/OEM debit memo tied to a service notification (IW51/IW52) with its own receivable account,,INFERRED,
warranty-claim,Warranty Claim,claimCategory,,string,,claim_category_code,cdk_warranty_claim,Not a native SAP object; closest conceptual analogue is a customer/OEM debit memo tied to a service notification (IW51/IW52) with its own receivable account,,INFERRED,
warranty-claim,Warranty Claim,concernText,,string,,concern_text,cdk_warranty_claim,Not a native SAP object; closest conceptual analogue is a customer/OEM debit memo tied to a service notification (IW51/IW52) with its own receivable account,,INFERRED,
warranty-claim,Warranty Claim,causeText,,string,,cause_text,cdk_warranty_claim,Not a native SAP object; closest conceptual analogue is a customer/OEM debit memo tied to a service notification (IW51/IW52) with its own receivable account,,INFERRED,
warranty-claim,Warranty Claim,correctionText,,string,,correction_text,cdk_warranty_claim,Not a native SAP object; closest conceptual analogue is a customer/OEM debit memo tied to a service notification (IW51/IW52) with its own receivable account,,INFERRED,
warranty-claim,Warranty Claim,srtCode,,string,,srt_code,cdk_warranty_claim,Not a native SAP object; closest conceptual analogue is a customer/OEM debit memo tied to a service notification (IW51/IW52) with its own receivable account,,INFERRED,
warranty-claim,Warranty Claim,claimStoryText,,string,,claim_story_text,cdk_warranty_claim,Not a native SAP object; closest conceptual analogue is a customer/OEM debit memo tied to a service notification (IW51/IW52) with its own receivable account,,INFERRED,
warranty-claim,Warranty Claim,campaignNumber,,string,,campaign_number,cdk_warranty_claim,Not a native SAP object; closest conceptual analogue is a customer/OEM debit memo tied to a service notification (IW51/IW52) with its own receivable account,,INFERRED,
warranty-claim,Warranty Claim,failureCode,,string,,failure_code,cdk_warranty_claim,Not a native SAP object; closest conceptual analogue is a customer/OEM debit memo tied to a service notification (IW51/IW52) with its own receivable account,,INFERRED,
warranty-claim,Warranty Claim,submissionWindowDays,,integer,quantity,submission_window_days,cdk_warranty_claim,Not a native SAP object; closest conceptual analogue is a customer/OEM debit memo tied to a service notification (IW51/IW52) with its own receivable account,,INFERRED,
warranty-claim,Warranty Claim,claimType,,enum,,claim_type,cdk_warranty_claim,Not a native SAP object; closest conceptual analogue is a customer/OEM debit memo tied to a service notification (IW51/IW52) with its own receivable account,,INFERRED,
warranty-claim,Warranty Claim,claimStatus,,enum,,claim_status,cdk_warranty_claim,Not a native SAP object; closest conceptual analogue is a customer/OEM debit memo tied to a service notification (IW51/IW52) with its own receivable account,,UNVERIFIED,
warranty-claim,Warranty Claim,glAccountClaimReceivable,,string,,gl_account_claim_receivable,cdk_warranty_claim,Not a native SAP object; closest conceptual analogue is a customer/OEM debit memo tied to a service notification (IW51/IW52) with its own receivable account,,INFERRED,
warranty-claim,Warranty Claim,agingBucket,,enum,,aging_bucket,cdk_warranty_claim,Not a native SAP object; closest conceptual analogue is a customer/OEM debit memo tied to a service notification (IW51/IW52) with its own receivable account,,INFERRED,
warranty-claim,Warranty Claim,claimAmount,,decimal,currency,claim_amount,cdk_warranty_claim,Not a native SAP object; closest conceptual analogue is a customer/OEM debit memo tied to a service notification (IW51/IW52) with its own receivable account,,UNVERIFIED,
purchase-receipt-document,Purchase / Receipt Document,purchaseOrderNumber,,string,,purchase_order_number,cdk_purchase_receipt_document,"EKKO/EKPO (Purchase Order Header/Item) + MSEG (Material Document, Movement Type 101 Goods Receipt)",,UNVERIFIED,
purchase-receipt-document,Purchase / Receipt Document,vendorId,,string,,vendor_id,cdk_purchase_receipt_document,"EKKO/EKPO (Purchase Order Header/Item) + MSEG (Material Document, Movement Type 101 Goods Receipt)",,INFERRED,https://www.karmak.com/integrations/paccar
purchase-receipt-document,Purchase / Receipt Document,poDate,,date,,po_date,cdk_purchase_receipt_document,"EKKO/EKPO (Purchase Order Header/Item) + MSEG (Material Document, Movement Type 101 Goods Receipt)",,UNVERIFIED,
purchase-receipt-document,Purchase / Receipt Document,poLineNumber,,integer,,po_line_number,cdk_purchase_receipt_document,"EKKO/EKPO (Purchase Order Header/Item) + MSEG (Material Document, Movement Type 101 Goods Receipt)",,UNVERIFIED,
purchase-receipt-document,Purchase / Receipt Document,partNumber,,string,,part_number,cdk_purchase_receipt_document,"EKKO/EKPO (Purchase Order Header/Item) + MSEG (Material Document, Movement Type 101 Goods Receipt)",,INFERRED,https://www.karmak.com/integrations/paccar
purchase-receipt-document,Purchase / Receipt Document,quantityOrdered,,integer,quantity,quantity_ordered,cdk_purchase_receipt_document,"EKKO/EKPO (Purchase Order Header/Item) + MSEG (Material Document, Movement Type 101 Goods Receipt)",,UNVERIFIED,
purchase-receipt-document,Purchase / Receipt Document,quantityReceived,,integer,quantity,quantity_received,cdk_purchase_receipt_document,"EKKO/EKPO (Purchase Order Header/Item) + MSEG (Material Document, Movement Type 101 Goods Receipt)",,INFERRED,https://www.karmak.com/integrations/paccar
purchase-receipt-document,Purchase / Receipt Document,receiptDocumentNumber,,string,,receipt_document_number,cdk_purchase_receipt_document,"EKKO/EKPO (Purchase Order Header/Item) + MSEG (Material Document, Movement Type 101 Goods Receipt)",,UNVERIFIED,
purchase-receipt-document,Purchase / Receipt Document,receiptDate,,date,,receipt_date,cdk_purchase_receipt_document,"EKKO/EKPO (Purchase Order Header/Item) + MSEG (Material Document, Movement Type 101 Goods Receipt)",,INFERRED,https://www.karmak.com/integrations/paccar
purchase-receipt-document,Purchase / Receipt Document,asnNumber,,string,,asn_number,cdk_purchase_receipt_document,"EKKO/EKPO (Purchase Order Header/Item) + MSEG (Material Document, Movement Type 101 Goods Receipt)",,INFERRED,https://www.karmak.com/integrations/paccar
purchase-receipt-document,Purchase / Receipt Document,invoiceNumber,,string,,invoice_number,cdk_purchase_receipt_document,"EKKO/EKPO (Purchase Order Header/Item) + MSEG (Material Document, Movement Type 101 Goods Receipt)",,INFERRED,https://www.karmak.com/integrations/paccar
purchase-receipt-document,Purchase / Receipt Document,unitCost,,decimal,currency,unit_cost,cdk_purchase_receipt_document,"EKKO/EKPO (Purchase Order Header/Item) + MSEG (Material Document, Movement Type 101 Goods Receipt)",,UNVERIFIED,
purchase-receipt-document,Purchase / Receipt Document,threeWayMatchStatus,,enum,,three_way_match_status,cdk_purchase_receipt_document,"EKKO/EKPO (Purchase Order Header/Item) + MSEG (Material Document, Movement Type 101 Goods Receipt)",,INFERRED,https://www.karmak.com/integrations/paccar
purchase-receipt-document,Purchase / Receipt Document,apPostingGlAccount,,string,,ap_posting_gl_account,cdk_purchase_receipt_document,"EKKO/EKPO (Purchase Order Header/Item) + MSEG (Material Document, Movement Type 101 Goods Receipt)",,INFERRED,
purchase-receipt-document,Purchase / Receipt Document,movementTypeSapAnalogue,,string,,movement_type_sap_analogue,cdk_purchase_receipt_document,"EKKO/EKPO (Purchase Order Header/Item) + MSEG (Material Document, Movement Type 101 Goods Receipt)",MSEG-BWART = 101,INFERRED,
